file,line,type,commit,author,date,time,timezone,datetime,depth,length
style.css,1,css,6a6df83f,Ricki (Rui) Chen,2026-04-03,17:00:33,-07:00,2026-04-03T17:00:33-07:00,0,4
style.css,2,css,9a2a55b8,Ricki (Rui) Chen,2026-04-10,18:03:01,-07:00,2026-04-10T18:03:01-07:00,1,35
style.css,3,css,9a2a55b8,Ricki (Rui) Chen,2026-04-10,18:03:01,-07:00,2026-04-10T18:03:01-07:00,1,9
style.css,4,css,6f26ba5c,Ricki (Rui) Chen,2026-04-10,12:17:30,-07:00,2026-04-10T12:17:30-07:00,1,15
style.css,5,css,51fa7ab1,Ricki (Rui) Chen,2026-04-10,12:32:46,-07:00,2026-04-10T12:32:46-07:00,1,13
style.css,6,css,ef4eab4c,Ricki (Rui) Chen,2026-04-10,16:17:13,-07:00,2026-04-10T16:17:13-07:00,1,19
style.css,7,css,fe40ecf9,Ricki (Rui) Chen,2026-04-10,12:27:37,-07:00,2026-04-10T12:27:37-07:00,0,0
style.css,8,css,fe40ecf9,Ricki (Rui) Chen,2026-04-10,12:27:37,-07:00,2026-04-10T12:27:37-07:00,0,0
style.css,9,css,26d57fd7,Ricki (Rui) Chen,2026-04-10,16:21:56,-07:00,2026-04-10T16:21:56-07:00,0,9
style.css,10,css,26d57fd7,Ricki (Rui) Chen,2026-04-10,16:21:56,-07:00,2026-04-10T16:21:56-07:00,1,12
style.css,11,css,32b5518f,Ricki (Rui) Chen,2026-04-10,17:21:12,-07:00,2026-04-10T17:21:12-07:00,1,57
style.css,12,css,26d57fd7,Ricki (Rui) Chen,2026-04-10,16:21:56,-07:00,2026-04-10T16:21:56-07:00,1,7
style.css,13,css,26d57fd7,Ricki (Rui) Chen,2026-04-10,16:21:56,-07:00,2026-04-10T16:21:56-07:00,0,0
style.css,14,css,26d57fd7,Ricki (Rui) Chen,2026-04-10,16:21:56,-07:00,2026-04-10T16:21:56-07:00,0,0
style.css,15,css,26d57fd7,Ricki (Rui) Chen,2026-04-10,16:21:56,-07:00,2026-04-10T16:21:56-07:00,0,17
style.css,16,css,26d57fd7,Ricki (Rui) Chen,2026-04-10,16:21:56,-07:00,2026-04-10T16:21:56-07:00,1,12
style.css,17,css,26d57fd7,Ricki (Rui) Chen,2026-04-10,16:21:56,-07:00,2026-04-10T16:21:56-07:00,1,26
style.css,18,css,26d57fd7,Ricki (Rui) Chen,2026-04-10,16:21:56,-07:00,2026-04-10T16:21:56-07:00,1,15
style.css,19,css,26d57fd7,Ricki (Rui) Chen,2026-04-10,16:21:56,-07:00,2026-04-10T16:21:56-07:00,1,7
style.css,20,css,26d57fd7,Ricki (Rui) Chen,2026-04-10,16:21:56,-07:00,2026-04-10T16:21:56-07:00,0,0
style.css,21,css,26d57fd7,Ricki (Rui) Chen,2026-04-10,16:21:56,-07:00,2026-04-10T16:21:56-07:00,0,0
style.css,22,css,26d57fd7,Ricki (Rui) Chen,2026-04-10,16:21:56,-07:00,2026-04-10T16:21:56-07:00,0,12
style.css,23,css,26d57fd7,Ricki (Rui) Chen,2026-04-10,16:21:56,-07:00,2026-04-10T16:21:56-07:00,1,8
style.css,24,css,26d57fd7,Ricki (Rui) Chen,2026-04-10,16:21:56,-07:00,2026-04-10T16:21:56-07:00,0,0
style.css,25,css,26d57fd7,Ricki (Rui) Chen,2026-04-10,16:21:56,-07:00,2026-04-10T16:21:56-07:00,0,0
style.css,26,css,a5395656,Ricki (Rui) Chen,2026-04-29,23:16:47,-07:00,2026-04-29T23:16:47-07:00,0,13
style.css,27,css,a5395656,Ricki (Rui) Chen,2026-04-29,23:16:47,-07:00,2026-04-29T23:16:47-07:00,1,30
style.css,28,css,a5395656,Ricki (Rui) Chen,2026-04-29,23:16:47,-07:00,2026-04-29T23:16:47-07:00,1,34
style.css,29,css,a5395656,Ricki (Rui) Chen,2026-04-29,23:16:47,-07:00,2026-04-29T23:16:47-07:00,1,10
style.css,30,css,a5395656,Ricki (Rui) Chen,2026-04-29,23:16:47,-07:00,2026-04-29T23:16:47-07:00,1,16
style.css,31,css,a5395656,Ricki (Rui) Chen,2026-04-29,23:16:47,-07:00,2026-04-29T23:16:47-07:00,0,0
style.css,32,css,a5395656,Ricki (Rui) Chen,2026-04-29,23:16:47,-07:00,2026-04-29T23:16:47-07:00,0,0
style.css,33,css,fe40ecf9,Ricki (Rui) Chen,2026-04-10,12:27:37,-07:00,2026-04-10T12:27:37-07:00,0,5
style.css,34,css,fe40ecf9,Ricki (Rui) Chen,2026-04-10,12:27:37,-07:00,2026-04-10T12:27:37-07:00,0,6
style.css,35,css,fe40ecf9,Ricki (Rui) Chen,2026-04-10,12:27:37,-07:00,2026-04-10T12:27:37-07:00,1,16
style.css,36,css,fe40ecf9,Ricki (Rui) Chen,2026-04-10,12:27:37,-07:00,2026-04-10T12:27:37-07:00,0,0
style.css,37,css,fe40ecf9,Ricki (Rui) Chen,2026-04-10,12:27:37,-07:00,2026-04-10T12:27:37-07:00,0,0
style.css,38,css,e5d1e6f9,Ricki (Rui) Chen,2026-04-10,17:56:19,-07:00,2026-04-10T17:56:19-07:00,0,0
style.css,39,css,fe40ecf9,Ricki (Rui) Chen,2026-04-10,12:27:37,-07:00,2026-04-10T12:27:37-07:00,0,3
style.css,40,css,6fe1dd83,Ricki (Rui) Chen,2026-04-17,14:12:14,-07:00,2026-04-17T14:12:14-07:00,1,39
style.css,41,css,fe40ecf9,Ricki (Rui) Chen,2026-04-10,12:27:37,-07:00,2026-04-10T12:27:37-07:00,1,12
style.css,42,css,3b62b2aa,Ricki (Rui) Chen,2026-04-10,18:57:15,-07:00,2026-04-10T18:57:15-07:00,1,15
style.css,43,css,98563d0d,Ricki (Rui) Chen,2026-04-10,12:36:58,-07:00,2026-04-10T12:36:58-07:00,1,18
style.css,44,css,6fe1dd83,Ricki (Rui) Chen,2026-04-17,14:12:14,-07:00,2026-04-17T14:12:14-07:00,1,43
style.css,45,css,fe40ecf9,Ricki (Rui) Chen,2026-04-10,12:27:37,-07:00,2026-04-10T12:27:37-07:00,0,0
style.css,46,css,fe40ecf9,Ricki (Rui) Chen,2026-04-10,12:27:37,-07:00,2026-04-10T12:27:37-07:00,0,0
style.css,47,css,fe40ecf9,Ricki (Rui) Chen,2026-04-10,12:27:37,-07:00,2026-04-10T12:27:37-07:00,0,5
style.css,48,css,fe40ecf9,Ricki (Rui) Chen,2026-04-10,12:27:37,-07:00,2026-04-10T12:27:37-07:00,1,6
style.css,49,css,fe40ecf9,Ricki (Rui) Chen,2026-04-10,12:27:37,-07:00,2026-04-10T12:27:37-07:00,1,20
style.css,50,css,6fe1dd83,Ricki (Rui) Chen,2026-04-17,14:12:14,-07:00,2026-04-17T14:12:14-07:00,1,13
style.css,51,css,fe40ecf9,Ricki (Rui) Chen,2026-04-10,12:27:37,-07:00,2026-04-10T12:27:37-07:00,1,17
style.css,52,css,fe40ecf9,Ricki (Rui) Chen,2026-04-10,12:27:37,-07:00,2026-04-10T12:27:37-07:00,1,13
style.css,53,css,1b02b7c9,Ricki (Rui) Chen,2026-04-10,12:52:34,-07:00,2026-04-10T12:52:34-07:00,1,15
style.css,54,css,fe40ecf9,Ricki (Rui) Chen,2026-04-10,12:27:37,-07:00,2026-04-10T12:27:37-07:00,0,0
style.css,55,css,fe40ecf9,Ricki (Rui) Chen,2026-04-10,12:27:37,-07:00,2026-04-10T12:27:37-07:00,0,0
style.css,56,css,fe40ecf9,Ricki (Rui) Chen,2026-04-10,12:27:37,-07:00,2026-04-10T12:27:37-07:00,0,13
style.css,57,css,1b02b7c9,Ricki (Rui) Chen,2026-04-10,12:52:34,-07:00,2026-04-10T12:52:34-07:00,1,46
style.css,58,css,1b02b7c9,Ricki (Rui) Chen,2026-04-10,12:52:34,-07:00,2026-04-10T12:52:34-07:00,1,21
style.css,59,css,fe40ecf9,Ricki (Rui) Chen,2026-04-10,12:27:37,-07:00,2026-04-10T12:27:37-07:00,1,16
style.css,60,css,fe40ecf9,Ricki (Rui) Chen,2026-04-10,12:27:37,-07:00,2026-04-10T12:27:37-07:00,0,0
style.css,61,css,fe40ecf9,Ricki (Rui) Chen,2026-04-10,12:27:37,-07:00,2026-04-10T12:27:37-07:00,0,0
style.css,62,css,98563d0d,Ricki (Rui) Chen,2026-04-10,12:36:58,-07:00,2026-04-10T12:36:58-07:00,0,11
style.css,63,css,1b02b7c9,Ricki (Rui) Chen,2026-04-10,12:52:34,-07:00,2026-04-10T12:52:34-07:00,1,45
style.css,64,css,1b02b7c9,Ricki (Rui) Chen,2026-04-10,12:52:34,-07:00,2026-04-10T12:52:34-07:00,1,21
style.css,65,css,6fe1dd83,Ricki (Rui) Chen,2026-04-17,14:12:14,-07:00,2026-04-17T14:12:14-07:00,1,69
style.css,66,css,98563d0d,Ricki (Rui) Chen,2026-04-10,12:36:58,-07:00,2026-04-10T12:36:58-07:00,0,0
style.css,67,css,98563d0d,Ricki (Rui) Chen,2026-04-10,12:36:58,-07:00,2026-04-10T12:36:58-07:00,0,0
style.css,68,css,2b7f9dec,Ricki (Rui) Chen,2026-04-17,14:22:16,-07:00,2026-04-17T14:22:16-07:00,0,21
style.css,69,css,2b7f9dec,Ricki (Rui) Chen,2026-04-17,14:22:16,-07:00,2026-04-17T14:22:16-07:00,0,13
style.css,70,css,2b7f9dec,Ricki (Rui) Chen,2026-04-17,14:22:16,-07:00,2026-04-17T14:22:16-07:00,1,17
style.css,71,css,2b7f9dec,Ricki (Rui) Chen,2026-04-17,14:22:16,-07:00,2026-04-17T14:22:16-07:00,1,8
style.css,72,css,2b7f9dec,Ricki (Rui) Chen,2026-04-17,14:22:16,-07:00,2026-04-17T14:22:16-07:00,1,10
style.css,73,css,2b7f9dec,Ricki (Rui) Chen,2026-04-17,14:22:16,-07:00,2026-04-17T14:22:16-07:00,1,13
style.css,74,css,2b7f9dec,Ricki (Rui) Chen,2026-04-17,14:22:16,-07:00,2026-04-17T14:22:16-07:00,0,0
style.css,75,css,2b7f9dec,Ricki (Rui) Chen,2026-04-17,14:22:16,-07:00,2026-04-17T14:22:16-07:00,0,0
style.css,76,css,2b7f9dec,Ricki (Rui) Chen,2026-04-17,14:22:16,-07:00,2026-04-17T14:22:16-07:00,0,6
style.css,77,css,2b7f9dec,Ricki (Rui) Chen,2026-04-17,14:22:16,-07:00,2026-04-17T14:22:16-07:00,1,12
style.css,78,css,2b7f9dec,Ricki (Rui) Chen,2026-04-17,14:22:16,-07:00,2026-04-17T14:22:16-07:00,0,0
style.css,79,css,2b7f9dec,Ricki (Rui) Chen,2026-04-17,14:22:16,-07:00,2026-04-17T14:22:16-07:00,0,0
style.css,80,css,0b61e7d0,Ricki (Rui) Chen,2026-04-30,23:13:35,-07:00,2026-04-30T23:13:35-07:00,0,23
style.css,81,css,0b61e7d0,Ricki (Rui) Chen,2026-04-30,23:13:35,-07:00,2026-04-30T23:13:35-07:00,1,16
style.css,82,css,0b61e7d0,Ricki (Rui) Chen,2026-04-30,23:13:35,-07:00,2026-04-30T23:13:35-07:00,1,14
style.css,83,css,0b61e7d0,Ricki (Rui) Chen,2026-04-30,23:13:35,-07:00,2026-04-30T23:13:35-07:00,0,0
style.css,84,css,0b61e7d0,Ricki (Rui) Chen,2026-04-30,23:13:35,-07:00,2026-04-30T23:13:35-07:00,0,0
style.css,85,css,fe40ecf9,Ricki (Rui) Chen,2026-04-10,12:27:37,-07:00,2026-04-10T12:27:37-07:00,0,4
style.css,86,css,6f26ba5c,Ricki (Rui) Chen,2026-04-10,12:17:30,-07:00,2026-04-10T12:17:30-07:00,1,12
style.css,87,css,fe40ecf9,Ricki (Rui) Chen,2026-04-10,12:27:37,-07:00,2026-04-10T12:27:37-07:00,0,0
style.css,88,css,097c2983,Ricki (Rui) Chen,2026-04-10,12:24:52,-07:00,2026-04-10T12:24:52-07:00,0,0
style.css,89,css,fe40ecf9,Ricki (Rui) Chen,2026-04-10,12:27:37,-07:00,2026-04-10T12:27:37-07:00,0,1
style.css,90,css,fe40ecf9,Ricki (Rui) Chen,2026-04-10,12:27:37,-07:00,2026-04-10T12:27:37-07:00,0,1
style.css,91,css,fe40ecf9,Ricki (Rui) Chen,2026-04-10,12:27:37,-07:00,2026-04-10T12:27:37-07:00,0,1
style.css,92,css,fe40ecf9,Ricki (Rui) Chen,2026-04-10,12:27:37,-07:00,2026-04-10T12:27:37-07:00,0,1
style.css,93,css,fe40ecf9,Ricki (Rui) Chen,2026-04-10,12:27:37,-07:00,2026-04-10T12:27:37-07:00,0,1
style.css,94,css,fe40ecf9,Ricki (Rui) Chen,2026-04-10,12:27:37,-07:00,2026-04-10T12:27:37-07:00,0,2
style.css,95,css,fe40ecf9,Ricki (Rui) Chen,2026-04-10,12:27:37,-07:00,2026-04-10T12:27:37-07:00,1,15
style.css,96,css,c22eca53,Ricki (Rui) Chen,2026-04-10,12:39:15,-07:00,2026-04-10T12:39:15-07:00,1,17
style.css,97,css,fe40ecf9,Ricki (Rui) Chen,2026-04-10,12:27:37,-07:00,2026-04-10T12:27:37-07:00,0,0
style.css,98,css,097c2983,Ricki (Rui) Chen,2026-04-10,12:24:52,-07:00,2026-04-10T12:24:52-07:00,0,0
style.css,99,css,fe40ecf9,Ricki (Rui) Chen,2026-04-10,12:27:37,-07:00,2026-04-10T12:27:37-07:00,0,3
style.css,100,css,fe40ecf9,Ricki (Rui) Chen,2026-04-10,12:27:37,-07:00,2026-04-10T12:27:37-07:00,1,14
style.css,101,css,fe40ecf9,Ricki (Rui) Chen,2026-04-10,12:27:37,-07:00,2026-04-10T12:27:37-07:00,1,11
style.css,102,css,fe40ecf9,Ricki (Rui) Chen,2026-04-10,12:27:37,-07:00,2026-04-10T12:27:37-07:00,1,13
style.css,103,css,ff296bf6,Ricki (Rui) Chen,2026-04-10,13:08:21,-07:00,2026-04-10T13:08:21-07:00,0,0
style.css,104,css,ff296bf6,Ricki (Rui) Chen,2026-04-10,13:08:21,-07:00,2026-04-10T13:08:21-07:00,0,0
style.css,105,css,ff296bf6,Ricki (Rui) Chen,2026-04-10,13:08:21,-07:00,2026-04-10T13:08:21-07:00,0,4
style.css,106,css,ff296bf6,Ricki (Rui) Chen,2026-04-10,13:08:21,-07:00,2026-04-10T13:08:21-07:00,0,7
style.css,107,css,ff296bf6,Ricki (Rui) Chen,2026-04-10,13:08:21,-07:00,2026-04-10T13:08:21-07:00,0,6
style.css,108,css,4fd64b0e,Ricki (Rui) Chen,2026-04-10,14:56:52,-07:00,2026-04-10T14:56:52-07:00,1,12
style.css,109,css,4fd64b0e,Ricki (Rui) Chen,2026-04-10,14:56:52,-07:00,2026-04-10T14:56:52-07:00,1,21
style.css,110,css,4fd64b0e,Ricki (Rui) Chen,2026-04-10,14:56:52,-07:00,2026-04-10T14:56:52-07:00,0,0
style.css,111,css,4fd64b0e,Ricki (Rui) Chen,2026-04-10,14:56:52,-07:00,2026-04-10T14:56:52-07:00,0,0
style.css,112,css,795711d2,Ricki (Rui) Chen,2026-04-10,15:21:17,-07:00,2026-04-10T15:21:17-07:00,0,4
style.css,113,css,795711d2,Ricki (Rui) Chen,2026-04-10,15:21:17,-07:00,2026-04-10T15:21:17-07:00,1,12
style.css,114,css,795711d2,Ricki (Rui) Chen,2026-04-10,15:21:17,-07:00,2026-04-10T15:21:17-07:00,1,29
style.css,115,css,795711d2,Ricki (Rui) Chen,2026-04-10,15:21:17,-07:00,2026-04-10T15:21:17-07:00,1,7
style.css,116,css,795711d2,Ricki (Rui) Chen,2026-04-10,15:21:17,-07:00,2026-04-10T15:21:17-07:00,1,17
style.css,117,css,4fd64b0e,Ricki (Rui) Chen,2026-04-10,14:56:52,-07:00,2026-04-10T14:56:52-07:00,0,0
style.css,118,css,4fd64b0e,Ricki (Rui) Chen,2026-04-10,14:56:52,-07:00,2026-04-10T14:56:52-07:00,0,0
style.css,119,css,795711d2,Ricki (Rui) Chen,2026-04-10,15:21:17,-07:00,2026-04-10T15:21:17-07:00,0,5
style.css,120,css,a23dc613,Ricki (Rui) Chen,2026-04-10,14:34:12,-07:00,2026-04-10T14:34:12-07:00,1,16
style.css,121,css,bd947cd0,Ricki (Rui) Chen,2026-04-10,14:48:35,-07:00,2026-04-10T14:48:35-07:00,0,0
style.css,122,css,4fd64b0e,Ricki (Rui) Chen,2026-04-10,14:56:52,-07:00,2026-04-10T14:56:52-07:00,0,0
style.css,123,css,795711d2,Ricki (Rui) Chen,2026-04-10,15:21:17,-07:00,2026-04-10T15:21:17-07:00,0,4
style.css,124,css,795711d2,Ricki (Rui) Chen,2026-04-10,15:21:17,-07:00,2026-04-10T15:21:17-07:00,0,8
style.css,125,css,795711d2,Ricki (Rui) Chen,2026-04-10,15:21:17,-07:00,2026-04-10T15:21:17-07:00,1,10
style.css,126,css,4fd64b0e,Ricki (Rui) Chen,2026-04-10,14:56:52,-07:00,2026-04-10T14:56:52-07:00,0,0
style.css,127,css,4fd64b0e,Ricki (Rui) Chen,2026-04-10,14:56:52,-07:00,2026-04-10T14:56:52-07:00,0,0
style.css,128,css,4fd64b0e,Ricki (Rui) Chen,2026-04-10,14:56:52,-07:00,2026-04-10T14:56:52-07:00,0,8
style.css,129,css,795711d2,Ricki (Rui) Chen,2026-04-10,15:21:17,-07:00,2026-04-10T15:21:17-07:00,1,14
style.css,130,css,4fd64b0e,Ricki (Rui) Chen,2026-04-10,14:56:52,-07:00,2026-04-10T14:56:52-07:00,0,0
style.css,131,css,4fd64b0e,Ricki (Rui) Chen,2026-04-10,14:56:52,-07:00,2026-04-10T14:56:52-07:00,0,0
style.css,132,css,4fd64b0e,Ricki (Rui) Chen,2026-04-10,14:56:52,-07:00,2026-04-10T14:56:52-07:00,0,6
style.css,133,css,795711d2,Ricki (Rui) Chen,2026-04-10,15:21:17,-07:00,2026-04-10T15:21:17-07:00,1,18
style.css,134,css,795711d2,Ricki (Rui) Chen,2026-04-10,15:21:17,-07:00,2026-04-10T15:21:17-07:00,1,10
style.css,135,css,b465240c,Ricki (Rui) Chen,2026-04-10,15:47:03,-07:00,2026-04-10T15:47:03-07:00,0,0
style.css,136,css,d788abb4,Ricki (Rui) Chen,2026-04-10,17:05:45,-07:00,2026-04-10T17:05:45-07:00,0,0
style.css,137,css,d788abb4,Ricki (Rui) Chen,2026-04-10,17:05:45,-07:00,2026-04-10T17:05:45-07:00,0,4
style.css,138,css,c4b57cdf,Ricki (Rui) Chen,2026-04-10,17:18:09,-07:00,2026-04-10T17:18:09-07:00,1,22
style.css,139,css,c4b57cdf,Ricki (Rui) Chen,2026-04-10,17:18:09,-07:00,2026-04-10T17:18:09-07:00,1,21
style.css,140,css,c4b57cdf,Ricki (Rui) Chen,2026-04-10,17:18:09,-07:00,2026-04-10T17:18:09-07:00,1,24
style.css,141,css,6fe1dd83,Ricki (Rui) Chen,2026-04-17,14:12:14,-07:00,2026-04-17T14:12:14-07:00,1,23
style.css,142,css,d788abb4,Ricki (Rui) Chen,2026-04-10,17:05:45,-07:00,2026-04-10T17:05:45-07:00,0,0
style.css,143,css,d788abb4,Ricki (Rui) Chen,2026-04-10,17:05:45,-07:00,2026-04-10T17:05:45-07:00,0,0
style.css,144,css,d788abb4,Ricki (Rui) Chen,2026-04-10,17:05:45,-07:00,2026-04-10T17:05:45-07:00,0,0
style.css,145,css,d788abb4,Ricki (Rui) Chen,2026-04-10,17:05:45,-07:00,2026-04-10T17:05:45-07:00,0,2
style.css,146,css,d788abb4,Ricki (Rui) Chen,2026-04-10,17:05:45,-07:00,2026-04-10T17:05:45-07:00,1,14
style.css,147,css,d788abb4,Ricki (Rui) Chen,2026-04-10,17:05:45,-07:00,2026-04-10T17:05:45-07:00,1,19
style.css,148,css,d788abb4,Ricki (Rui) Chen,2026-04-10,17:05:45,-07:00,2026-04-10T17:05:45-07:00,0,0
style.css,149,css,d788abb4,Ricki (Rui) Chen,2026-04-10,17:05:45,-07:00,2026-04-10T17:05:45-07:00,0,0
style.css,150,css,c4b57cdf,Ricki (Rui) Chen,2026-04-10,17:18:09,-07:00,2026-04-10T17:18:09-07:00,0,20
style.css,151,css,c4b57cdf,Ricki (Rui) Chen,2026-04-10,17:18:09,-07:00,2026-04-10T17:18:09-07:00,0,12
style.css,152,css,f3db30cc,Ricki (Rui) Chen,2026-04-17,14:30:15,-07:00,2026-04-17T14:30:15-07:00,1,17
style.css,153,css,f3db30cc,Ricki (Rui) Chen,2026-04-17,14:30:15,-07:00,2026-04-17T14:30:15-07:00,1,16
style.css,154,css,c4b57cdf,Ricki (Rui) Chen,2026-04-10,17:18:09,-07:00,2026-04-10T17:18:09-07:00,1,12
style.css,155,css,c4b57cdf,Ricki (Rui) Chen,2026-04-10,17:18:09,-07:00,2026-04-10T17:18:09-07:00,0,0
style.css,156,css,c4b57cdf,Ricki (Rui) Chen,2026-04-10,17:18:09,-07:00,2026-04-10T17:18:09-07:00,0,0
style.css,157,css,c4b57cdf,Ricki (Rui) Chen,2026-04-10,17:18:09,-07:00,2026-04-10T17:18:09-07:00,0,20
style.css,158,css,c4b57cdf,Ricki (Rui) Chen,2026-04-10,17:18:09,-07:00,2026-04-10T17:18:09-07:00,1,13
style.css,159,css,d788abb4,Ricki (Rui) Chen,2026-04-10,17:05:45,-07:00,2026-04-10T17:05:45-07:00,1,22
style.css,160,css,f3db30cc,Ricki (Rui) Chen,2026-04-17,14:30:15,-07:00,2026-04-17T14:30:15-07:00,1,63
style.css,161,css,f3db30cc,Ricki (Rui) Chen,2026-04-17,14:30:15,-07:00,2026-04-17T14:30:15-07:00,1,64
style.css,162,css,d788abb4,Ricki (Rui) Chen,2026-04-10,17:05:45,-07:00,2026-04-10T17:05:45-07:00,1,18
style.css,163,css,d788abb4,Ricki (Rui) Chen,2026-04-10,17:05:45,-07:00,2026-04-10T17:05:45-07:00,0,0
style.css,164,css,d788abb4,Ricki (Rui) Chen,2026-04-10,17:05:45,-07:00,2026-04-10T17:05:45-07:00,0,0
style.css,165,css,c4b57cdf,Ricki (Rui) Chen,2026-04-10,17:18:09,-07:00,2026-04-10T17:18:09-07:00,0,15
style.css,166,css,d788abb4,Ricki (Rui) Chen,2026-04-10,17:05:45,-07:00,2026-04-10T17:05:45-07:00,1,16
style.css,167,css,d788abb4,Ricki (Rui) Chen,2026-04-10,17:05:45,-07:00,2026-04-10T17:05:45-07:00,1,18
style.css,168,css,f3db30cc,Ricki (Rui) Chen,2026-04-17,14:30:15,-07:00,2026-04-17T14:30:15-07:00,1,71
style.css,169,css,d788abb4,Ricki (Rui) Chen,2026-04-10,17:05:45,-07:00,2026-04-10T17:05:45-07:00,1,21
style.css,170,css,d788abb4,Ricki (Rui) Chen,2026-04-10,17:05:45,-07:00,2026-04-10T17:05:45-07:00,0,0
style.css,171,css,d788abb4,Ricki (Rui) Chen,2026-04-10,17:05:45,-07:00,2026-04-10T17:05:45-07:00,0,0
style.css,172,css,c4b57cdf,Ricki (Rui) Chen,2026-04-10,17:18:09,-07:00,2026-04-10T17:18:09-07:00,0,22
style.css,173,css,d788abb4,Ricki (Rui) Chen,2026-04-10,17:05:45,-07:00,2026-04-10T17:05:45-07:00,1,15
style.css,174,css,f3db30cc,Ricki (Rui) Chen,2026-04-17,14:30:15,-07:00,2026-04-17T14:30:15-07:00,1,53
style.css,175,css,d788abb4,Ricki (Rui) Chen,2026-04-10,17:05:45,-07:00,2026-04-10T17:05:45-07:00,0,0
style.css,176,css,d788abb4,Ricki (Rui) Chen,2026-04-10,17:05:45,-07:00,2026-04-10T17:05:45-07:00,0,0
style.css,177,css,c4b57cdf,Ricki (Rui) Chen,2026-04-10,17:18:09,-07:00,2026-04-10T17:18:09-07:00,0,18
style.css,178,css,f3db30cc,Ricki (Rui) Chen,2026-04-17,14:30:15,-07:00,2026-04-17T14:30:15-07:00,1,53
style.css,179,css,d788abb4,Ricki (Rui) Chen,2026-04-10,17:05:45,-07:00,2026-04-10T17:05:45-07:00,1,17
style.css,180,css,d788abb4,Ricki (Rui) Chen,2026-04-10,17:05:45,-07:00,2026-04-10T17:05:45-07:00,1,21
style.css,181,css,d788abb4,Ricki (Rui) Chen,2026-04-10,17:05:45,-07:00,2026-04-10T17:05:45-07:00,0,0
style.css,182,css,d788abb4,Ricki (Rui) Chen,2026-04-10,17:05:45,-07:00,2026-04-10T17:05:45-07:00,0,0
style.css,183,css,c4b57cdf,Ricki (Rui) Chen,2026-04-10,17:18:09,-07:00,2026-04-10T17:18:09-07:00,0,28
style.css,184,css,f3db30cc,Ricki (Rui) Chen,2026-04-17,14:30:15,-07:00,2026-04-17T14:30:15-07:00,1,63
style.css,185,css,d788abb4,Ricki (Rui) Chen,2026-04-10,17:05:45,-07:00,2026-04-10T17:05:45-07:00,1,22
style.css,186,css,d788abb4,Ricki (Rui) Chen,2026-04-10,17:05:45,-07:00,2026-04-10T17:05:45-07:00,1,19
style.css,187,css,d788abb4,Ricki (Rui) Chen,2026-04-10,17:05:45,-07:00,2026-04-10T17:05:45-07:00,1,8
style.css,188,css,6d9380be,Ricki (Rui) Chen,2026-04-23,22:43:02,-07:00,2026-04-23T22:43:02-07:00,0,0
style.css,189,css,6d9380be,Ricki (Rui) Chen,2026-04-23,22:43:02,-07:00,2026-04-23T22:43:02-07:00,0,0
style.css,190,css,6d9380be,Ricki (Rui) Chen,2026-04-23,22:43:02,-07:00,2026-04-23T22:43:02-07:00,0,14
style.css,191,css,6d9380be,Ricki (Rui) Chen,2026-04-23,22:43:02,-07:00,2026-04-23T22:43:02-07:00,1,12
style.css,192,css,6d9380be,Ricki (Rui) Chen,2026-04-23,22:43:02,-07:00,2026-04-23T22:43:02-07:00,0,0
style.css,193,css,6d9380be,Ricki (Rui) Chen,2026-04-23,22:43:02,-07:00,2026-04-23T22:43:02-07:00,0,0
style.css,194,css,6d9380be,Ricki (Rui) Chen,2026-04-23,22:43:02,-07:00,2026-04-23T22:43:02-07:00,0,17
style.css,195,css,6d9380be,Ricki (Rui) Chen,2026-04-23,22:43:02,-07:00,2026-04-23T22:43:02-07:00,1,12
style.css,196,css,6d9380be,Ricki (Rui) Chen,2026-04-23,22:43:02,-07:00,2026-04-23T22:43:02-07:00,1,36
style.css,197,css,6d9380be,Ricki (Rui) Chen,2026-04-23,22:43:02,-07:00,2026-04-23T22:43:02-07:00,1,8
style.css,198,css,6d9380be,Ricki (Rui) Chen,2026-04-23,22:43:02,-07:00,2026-04-23T22:43:02-07:00,0,0
style.css,199,css,6d9380be,Ricki (Rui) Chen,2026-04-23,22:43:02,-07:00,2026-04-23T22:43:02-07:00,0,0
style.css,200,css,6d9380be,Ricki (Rui) Chen,2026-04-23,22:43:02,-07:00,2026-04-23T22:43:02-07:00,0,17
style.css,201,css,6d9380be,Ricki (Rui) Chen,2026-04-23,22:43:02,-07:00,2026-04-23T22:43:02-07:00,1,10
style.css,202,css,6d9380be,Ricki (Rui) Chen,2026-04-23,22:43:02,-07:00,2026-04-23T22:43:02-07:00,1,13
style.css,203,css,6d9380be,Ricki (Rui) Chen,2026-04-23,22:43:02,-07:00,2026-04-23T22:43:02-07:00,1,16
style.css,204,css,6d9380be,Ricki (Rui) Chen,2026-04-23,22:43:02,-07:00,2026-04-23T22:43:02-07:00,1,24
style.css,205,css,6d9380be,Ricki (Rui) Chen,2026-04-23,22:43:02,-07:00,2026-04-23T22:43:02-07:00,1,19
style.css,206,css,6d9380be,Ricki (Rui) Chen,2026-04-23,22:43:02,-07:00,2026-04-23T22:43:02-07:00,0,0
style.css,207,css,6d9380be,Ricki (Rui) Chen,2026-04-23,22:43:02,-07:00,2026-04-23T22:43:02-07:00,0,0
style.css,208,css,6d9380be,Ricki (Rui) Chen,2026-04-23,22:43:02,-07:00,2026-04-23T22:43:02-07:00,0,17
style.css,209,css,6d9380be,Ricki (Rui) Chen,2026-04-23,22:43:02,-07:00,2026-04-23T22:43:02-07:00,1,10
style.css,210,css,6d9380be,Ricki (Rui) Chen,2026-04-23,22:43:02,-07:00,2026-04-23T22:43:02-07:00,1,8
style.css,211,css,6d9380be,Ricki (Rui) Chen,2026-04-23,22:43:02,-07:00,2026-04-23T22:43:02-07:00,1,14
style.css,212,css,7e9813a5,Ricki (Rui) Chen,2026-04-29,23:30:34,-07:00,2026-04-29T23:30:34-07:00,0,0
style.css,213,css,7e9813a5,Ricki (Rui) Chen,2026-04-29,23:30:34,-07:00,2026-04-29T23:30:34-07:00,0,0
style.css,214,css,7e9813a5,Ricki (Rui) Chen,2026-04-29,23:30:34,-07:00,2026-04-29T23:30:34-07:00,0,18
style.css,215,css,7e9813a5,Ricki (Rui) Chen,2026-04-29,23:30:34,-07:00,2026-04-29T23:30:34-07:00,1,14
style.css,216,css,7e9813a5,Ricki (Rui) Chen,2026-04-29,23:30:34,-07:00,2026-04-29T23:30:34-07:00,1,16
style.css,217,css,2eef5b7c,Ricki (Rui) Chen,2026-04-30,21:03:12,-07:00,2026-04-30T21:03:12-07:00,0,0
style.css,218,css,2eef5b7c,Ricki (Rui) Chen,2026-04-30,21:03:12,-07:00,2026-04-30T21:03:12-07:00,0,0
style.css,219,css,2eef5b7c,Ricki (Rui) Chen,2026-04-30,21:03:12,-07:00,2026-04-30T21:03:12-07:00,0,7
style.css,220,css,9a0cef02,Ricki (Rui) Chen,2026-04-30,21:18:46,-07:00,2026-04-30T21:18:46-07:00,1,6
style.css,221,css,2eef5b7c,Ricki (Rui) Chen,2026-04-30,21:03:12,-07:00,2026-04-30T21:03:12-07:00,1,12
style.css,222,css,2eef5b7c,Ricki (Rui) Chen,2026-04-30,21:03:12,-07:00,2026-04-30T21:03:12-07:00,1,57
style.css,223,css,2eef5b7c,Ricki (Rui) Chen,2026-04-30,21:03:12,-07:00,2026-04-30T21:03:12-07:00,1,13
style.css,224,css,2eef5b7c,Ricki (Rui) Chen,2026-04-30,21:03:12,-07:00,2026-04-30T21:03:12-07:00,1,15
style.css,225,css,5110a4b4,Ricki (Rui) Chen,2026-04-30,23:32:44,-07:00,2026-04-30T23:32:44-07:00,1,11
style.css,226,css,2eef5b7c,Ricki (Rui) Chen,2026-04-30,21:03:12,-07:00,2026-04-30T21:03:12-07:00,1,12
style.css,227,css,5110a4b4,Ricki (Rui) Chen,2026-04-30,23:32:44,-07:00,2026-04-30T23:32:44-07:00,1,21
style.css,228,css,5110a4b4,Ricki (Rui) Chen,2026-04-30,23:32:44,-07:00,2026-04-30T23:32:44-07:00,1,19
style.css,229,css,2eef5b7c,Ricki (Rui) Chen,2026-04-30,21:03:12,-07:00,2026-04-30T21:03:12-07:00,0,0
style.css,230,css,2eef5b7c,Ricki (Rui) Chen,2026-04-30,21:03:12,-07:00,2026-04-30T21:03:12-07:00,0,0
style.css,231,css,5110a4b4,Ricki (Rui) Chen,2026-04-30,23:32:44,-07:00,2026-04-30T23:32:44-07:00,0,0
style.css,232,css,2eef5b7c,Ricki (Rui) Chen,2026-04-30,21:03:12,-07:00,2026-04-30T21:03:12-07:00,0,12
style.css,233,css,2eef5b7c,Ricki (Rui) Chen,2026-04-30,21:03:12,-07:00,2026-04-30T21:03:12-07:00,1,12
style.css,234,css,2eef5b7c,Ricki (Rui) Chen,2026-04-30,21:03:12,-07:00,2026-04-30T21:03:12-07:00,1,18
style.css,235,css,2eef5b7c,Ricki (Rui) Chen,2026-04-30,21:03:12,-07:00,2026-04-30T21:03:12-07:00,1,9
style.css,236,css,2eef5b7c,Ricki (Rui) Chen,2026-04-30,21:03:12,-07:00,2026-04-30T21:03:12-07:00,0,0
style.css,237,css,2eef5b7c,Ricki (Rui) Chen,2026-04-30,21:03:12,-07:00,2026-04-30T21:03:12-07:00,0,0
style.css,238,css,2eef5b7c,Ricki (Rui) Chen,2026-04-30,21:03:12,-07:00,2026-04-30T21:03:12-07:00,0,7
style.css,239,css,2eef5b7c,Ricki (Rui) Chen,2026-04-30,21:03:12,-07:00,2026-04-30T21:03:12-07:00,1,20
style.css,240,css,2eef5b7c,Ricki (Rui) Chen,2026-04-30,21:03:12,-07:00,2026-04-30T21:03:12-07:00,1,9
style.css,241,css,2eef5b7c,Ricki (Rui) Chen,2026-04-30,21:03:12,-07:00,2026-04-30T21:03:12-07:00,1,10
style.css,242,css,2eef5b7c,Ricki (Rui) Chen,2026-04-30,21:03:12,-07:00,2026-04-30T21:03:12-07:00,1,18
style.css,243,css,2eef5b7c,Ricki (Rui) Chen,2026-04-30,21:03:12,-07:00,2026-04-30T21:03:12-07:00,1,29
style.css,244,css,2eef5b7c,Ricki (Rui) Chen,2026-04-30,21:03:12,-07:00,2026-04-30T21:03:12-07:00,1,17
style.css,245,css,b67bef67,Ricki (Rui) Chen,2026-04-30,21:12:42,-07:00,2026-04-30T21:12:42-07:00,0,0
style.css,246,css,b67bef67,Ricki (Rui) Chen,2026-04-30,21:12:42,-07:00,2026-04-30T21:12:42-07:00,0,0
style.css,247,css,b67bef67,Ricki (Rui) Chen,2026-04-30,21:12:42,-07:00,2026-04-30T21:12:42-07:00,0,16
style.css,248,css,b67bef67,Ricki (Rui) Chen,2026-04-30,21:12:42,-07:00,2026-04-30T21:12:42-07:00,1,12
style.css,249,css,b67bef67,Ricki (Rui) Chen,2026-04-30,21:12:42,-07:00,2026-04-30T21:12:42-07:00,1,18
style.css,250,css,b67bef67,Ricki (Rui) Chen,2026-04-30,21:12:42,-07:00,2026-04-30T21:12:42-07:00,1,7
style.css,251,css,b67bef67,Ricki (Rui) Chen,2026-04-30,21:12:42,-07:00,2026-04-30T21:12:42-07:00,1,16
style.css,252,css,93a2220e,Ricki (Rui) Chen,2026-05-01,20:22:38,-07:00,2026-05-01T20:22:38-07:00,1,14
style.css,253,css,118eb5c6,Ricki (Rui) Chen,2026-04-30,21:31:27,-07:00,2026-04-30T21:31:27-07:00,0,0
style.css,254,css,118eb5c6,Ricki (Rui) Chen,2026-04-30,21:31:27,-07:00,2026-04-30T21:31:27-07:00,0,0
style.css,255,css,118eb5c6,Ricki (Rui) Chen,2026-04-30,21:31:27,-07:00,2026-04-30T21:31:27-07:00,0,10
style.css,256,css,118eb5c6,Ricki (Rui) Chen,2026-04-30,21:31:27,-07:00,2026-04-30T21:31:27-07:00,1,10
style.css,257,css,118eb5c6,Ricki (Rui) Chen,2026-04-30,21:31:27,-07:00,2026-04-30T21:31:27-07:00,1,18
style.css,258,css,118eb5c6,Ricki (Rui) Chen,2026-04-30,21:31:27,-07:00,2026-04-30T21:31:27-07:00,1,16
style.css,259,css,118eb5c6,Ricki (Rui) Chen,2026-04-30,21:31:27,-07:00,2026-04-30T21:31:27-07:00,1,12
style.css,260,css,118eb5c6,Ricki (Rui) Chen,2026-04-30,21:31:27,-07:00,2026-04-30T21:31:27-07:00,1,21
style.css,261,css,118eb5c6,Ricki (Rui) Chen,2026-04-30,21:31:27,-07:00,2026-04-30T21:31:27-07:00,1,19
style.css,262,css,eb9270c2,Ricki (Rui) Chen,2026-04-30,22:00:03,-07:00,2026-04-30T22:00:03-07:00,0,0
style.css,263,css,eb9270c2,Ricki (Rui) Chen,2026-04-30,22:00:03,-07:00,2026-04-30T22:00:03-07:00,0,0
style.css,264,css,eb9270c2,Ricki (Rui) Chen,2026-04-30,22:00:03,-07:00,2026-04-30T22:00:03-07:00,0,51
style.css,265,css,eb9270c2,Ricki (Rui) Chen,2026-04-30,22:00:03,-07:00,2026-04-30T22:00:03-07:00,1,11
style.css,266,css,eb9270c2,Ricki (Rui) Chen,2026-04-30,22:00:03,-07:00,2026-04-30T22:00:03-07:00,0,0
style.css,267,css,eb9270c2,Ricki (Rui) Chen,2026-04-30,22:00:03,-07:00,2026-04-30T22:00:03-07:00,0,0
style.css,268,css,eb9270c2,Ricki (Rui) Chen,2026-04-30,22:00:03,-07:00,2026-04-30T22:00:03-07:00,0,23
style.css,269,css,eb9270c2,Ricki (Rui) Chen,2026-04-30,22:00:03,-07:00,2026-04-30T22:00:03-07:00,1,16
style.css,270,css,f047846d,Ricki (Rui) Chen,2026-05-01,20:13:01,-07:00,2026-05-01T20:13:01-07:00,0,0
style.css,271,css,f047846d,Ricki (Rui) Chen,2026-05-01,20:13:01,-07:00,2026-05-01T20:13:01-07:00,0,0
style.css,272,css,f047846d,Ricki (Rui) Chen,2026-05-01,20:13:01,-07:00,2026-05-01T20:13:01-07:00,0,9
style.css,273,css,f047846d,Ricki (Rui) Chen,2026-05-01,20:13:01,-07:00,2026-05-01T20:13:01-07:00,1,35
style.css,274,css,f047846d,Ricki (Rui) Chen,2026-05-01,20:13:01,-07:00,2026-05-01T20:13:01-07:00,0,0
style.css,275,css,f047846d,Ricki (Rui) Chen,2026-05-01,20:13:01,-07:00,2026-05-01T20:13:01-07:00,0,0
style.css,276,css,f047846d,Ricki (Rui) Chen,2026-05-01,20:13:01,-07:00,2026-05-01T20:13:01-07:00,0,18
style.css,277,css,f047846d,Ricki (Rui) Chen,2026-05-01,20:13:01,-07:00,2026-05-01T20:13:01-07:00,1,17
style.css,278,css,d788abb4,Ricki (Rui) Chen,2026-04-10,17:05:45,-07:00,2026-04-10T17:05:45-07:00,0,0
index.js,1,js,d293e32e,Ricki (Rui) Chen,2026-04-23,22:29:43,-07:00,2026-04-23T22:29:43-07:00,0,71
index.js,2,js,d293e32e,Ricki (Rui) Chen,2026-04-23,22:29:43,-07:00,2026-04-23T22:29:43-07:00,0,0
index.js,3,js,d293e32e,Ricki (Rui) Chen,2026-04-23,22:29:43,-07:00,2026-04-23T22:29:43-07:00,0,50
index.js,4,js,d293e32e,Ricki (Rui) Chen,2026-04-23,22:29:43,-07:00,2026-04-23T22:29:43-07:00,0,60
index.js,5,js,5b418ff5,Ricki (Rui) Chen,2026-04-22,11:30:20,-07:00,2026-04-22T11:30:20-07:00,0,0
index.js,6,js,e6d5aac3,Ricki (Rui) Chen,2026-04-23,22:38:30,-07:00,2026-04-23T22:38:30-07:00,0,17
index.js,7,js,e6d5aac3,Ricki (Rui) Chen,2026-04-23,22:38:30,-07:00,2026-04-23T22:38:30-07:00,1,24
index.js,8,js,6d9380be,Ricki (Rui) Chen,2026-04-23,22:43:02,-07:00,2026-04-23T22:43:02-07:00,2,22
index.js,9,js,e6d5aac3,Ricki (Rui) Chen,2026-04-23,22:38:30,-07:00,2026-04-23T22:38:30-07:00,2,2
index.js,10,js,6d9380be,Ricki (Rui) Chen,2026-04-23,22:43:02,-07:00,2026-04-23T22:43:02-07:00,3,16
index.js,11,js,6d9380be,Ricki (Rui) Chen,2026-04-23,22:43:02,-07:00,2026-04-23T22:43:02-07:00,3,30
index.js,12,js,6d9380be,Ricki (Rui) Chen,2026-04-23,22:43:02,-07:00,2026-04-23T22:43:02-07:00,0,0
index.js,13,js,6d9380be,Ricki (Rui) Chen,2026-04-23,22:43:02,-07:00,2026-04-23T22:43:02-07:00,3,16
index.js,14,js,6d9380be,Ricki (Rui) Chen,2026-04-23,22:43:02,-07:00,2026-04-23T22:43:02-07:00,3,30
index.js,15,js,6d9380be,Ricki (Rui) Chen,2026-04-23,22:43:02,-07:00,2026-04-23T22:43:02-07:00,0,0
index.js,16,js,6d9380be,Ricki (Rui) Chen,2026-04-23,22:43:02,-07:00,2026-04-23T22:43:02-07:00,3,19
index.js,17,js,6d9380be,Ricki (Rui) Chen,2026-04-23,22:43:02,-07:00,2026-04-23T22:43:02-07:00,3,33
index.js,18,js,6d9380be,Ricki (Rui) Chen,2026-04-23,22:43:02,-07:00,2026-04-23T22:43:02-07:00,0,0
index.js,19,js,6d9380be,Ricki (Rui) Chen,2026-04-23,22:43:02,-07:00,2026-04-23T22:43:02-07:00,3,19
index.js,20,js,6d9380be,Ricki (Rui) Chen,2026-04-23,22:43:02,-07:00,2026-04-23T22:43:02-07:00,3,33
index.js,21,js,e6d5aac3,Ricki (Rui) Chen,2026-04-23,22:38:30,-07:00,2026-04-23T22:38:30-07:00,2,3
index.js,22,js,e6d5aac3,Ricki (Rui) Chen,2026-04-23,22:38:30,-07:00,2026-04-23T22:38:30-07:00,1,0
index.js,23,js,e6d5aac3,Ricki (Rui) Chen,2026-04-23,22:38:30,-07:00,2026-04-23T22:38:30-07:00,0,0
index.js,24,js,e6d5aac3,Ricki (Rui) Chen,2026-04-23,22:38:30,-07:00,2026-04-23T22:38:30-07:00,0,0
index.js,25,js,5b418ff5,Ricki (Rui) Chen,2026-04-22,11:30:20,-07:00,2026-04-22T11:30:20-07:00,0,54
index.js,26,js,8b25332f,Ricki (Rui) Chen,2026-04-24,19:53:20,-07:00,2026-04-24T19:53:20-07:00,0,42
index.js,27,js,5b418ff5,Ricki (Rui) Chen,2026-04-22,11:30:20,-07:00,2026-04-22T11:30:20-07:00,0,60
index.js,28,js,5b418ff5,Ricki (Rui) Chen,2026-04-22,11:30:20,-07:00,2026-04-22T11:30:20-07:00,0,0
index.js,29,js,d293e32e,Ricki (Rui) Chen,2026-04-23,22:29:43,-07:00,2026-04-23T22:29:43-07:00,0,54
index.js,30,js,d293e32e,Ricki (Rui) Chen,2026-04-23,22:29:43,-07:00,2026-04-23T22:29:43-07:00,0,0
index.js,31,js,d293e32e,Ricki (Rui) Chen,2026-04-23,22:29:43,-07:00,2026-04-23T22:29:43-07:00,0,24
index.js,32,js,d293e32e,Ricki (Rui) Chen,2026-04-23,22:29:43,-07:00,2026-04-23T22:29:43-07:00,1,2
index.js,33,js,d293e32e,Ricki (Rui) Chen,2026-04-23,22:29:43,-07:00,2026-04-23T22:29:43-07:00,2,19
index.js,34,js,d293e32e,Ricki (Rui) Chen,2026-04-23,22:29:43,-07:00,2026-04-23T22:29:43-07:00,2,33
index.js,35,js,d293e32e,Ricki (Rui) Chen,2026-04-23,22:29:43,-07:00,2026-04-23T22:29:43-07:00,0,0
index.js,36,js,d293e32e,Ricki (Rui) Chen,2026-04-23,22:29:43,-07:00,2026-04-23T22:29:43-07:00,2,19
index.js,37,js,d293e32e,Ricki (Rui) Chen,2026-04-23,22:29:43,-07:00,2026-04-23T22:29:43-07:00,2,33
index.js,38,js,d293e32e,Ricki (Rui) Chen,2026-04-23,22:29:43,-07:00,2026-04-23T22:29:43-07:00,0,0
index.js,39,js,d293e32e,Ricki (Rui) Chen,2026-04-23,22:29:43,-07:00,2026-04-23T22:29:43-07:00,2,16
index.js,40,js,d293e32e,Ricki (Rui) Chen,2026-04-23,22:29:43,-07:00,2026-04-23T22:29:43-07:00,2,30
index.js,41,js,d293e32e,Ricki (Rui) Chen,2026-04-23,22:29:43,-07:00,2026-04-23T22:29:43-07:00,0,0
index.js,42,js,d293e32e,Ricki (Rui) Chen,2026-04-23,22:29:43,-07:00,2026-04-23T22:29:43-07:00,2,16
index.js,43,js,d293e32e,Ricki (Rui) Chen,2026-04-23,22:29:43,-07:00,2026-04-23T22:29:43-07:00,2,30
index.js,44,js,d293e32e,Ricki (Rui) Chen,2026-04-23,22:29:43,-07:00,2026-04-23T22:29:43-07:00,1,3
index.js,45,js,275982cf,Ricki (Rui) Chen,2026-04-24,19:39:17,-07:00,2026-04-24T19:39:17-07:00,0,0
index.html,1,html,735cd6f3,Ricki (Rui) Chen,2026-04-03,15:34:38,-07:00,2026-04-03T15:34:38-07:00,0,13
index.html,2,html,735cd6f3,Ricki (Rui) Chen,2026-04-03,15:34:38,-07:00,2026-04-03T15:34:38-07:00,0,14
index.html,3,html,735cd6f3,Ricki (Rui) Chen,2026-04-03,15:34:38,-07:00,2026-04-03T15:34:38-07:00,0,4
index.html,4,html,735cd6f3,Ricki (Rui) Chen,2026-04-03,15:34:38,-07:00,2026-04-03T15:34:38-07:00,2,20
index.html,5,html,735cd6f3,Ricki (Rui) Chen,2026-04-03,15:34:38,-07:00,2026-04-03T15:34:38-07:00,2,68
index.html,6,html,735cd6f3,Ricki (Rui) Chen,2026-04-03,15:34:38,-07:00,2026-04-03T15:34:38-07:00,2,52
index.html,7,html,6a6df83f,Ricki (Rui) Chen,2026-04-03,17:00:33,-07:00,2026-04-03T17:00:33-07:00,2,38
index.html,8,html,61f1c791,Ricki (Rui) Chen,2026-04-22,11:59:41,-07:00,2026-04-22T11:59:41-07:00,2,47
index.html,9,html,61f1c791,Ricki (Rui) Chen,2026-04-22,11:59:41,-07:00,2026-04-22T11:59:41-07:00,2,46
index.html,10,html,735cd6f3,Ricki (Rui) Chen,2026-04-03,15:34:38,-07:00,2026-04-03T15:34:38-07:00,0,5
index.html,11,html,735cd6f3,Ricki (Rui) Chen,2026-04-03,15:34:38,-07:00,2026-04-03T15:34:38-07:00,0,4
index.html,12,html,644d296b,Ricki (Rui) Chen,2026-04-10,12:34:54,-07:00,2026-04-10T12:34:54-07:00,0,0
index.html,13,html,644d296b,Ricki (Rui) Chen,2026-04-10,12:34:54,-07:00,2026-04-10T12:34:54-07:00,2,17
index.html,14,html,644d296b,Ricki (Rui) Chen,2026-04-10,12:34:54,-07:00,2026-04-10T12:34:54-07:00,2,71
index.html,15,html,3bffa91d,Ricki (Rui) Chen,2026-04-17,20:27:17,-07:00,2026-04-17T20:27:17-07:00,4,54
index.html,16,html,644d296b,Ricki (Rui) Chen,2026-04-10,12:34:54,-07:00,2026-04-10T12:34:54-07:00,2,76
index.html,17,html,61f1c791,Ricki (Rui) Chen,2026-04-22,11:59:41,-07:00,2026-04-22T11:59:41-07:00,0,0
index.html,18,html,5ac94746,Ricki (Rui) Chen,2026-04-22,13:37:43,-07:00,2026-04-22T13:37:43-07:00,2,2
index.html,19,html,5ac94746,Ricki (Rui) Chen,2026-04-22,13:37:43,-07:00,2026-04-22T13:37:43-07:00,0,0
index.html,20,html,61f1c791,Ricki (Rui) Chen,2026-04-22,11:59:41,-07:00,2026-04-22T11:59:41-07:00,2,22
index.html,21,html,61f1c791,Ricki (Rui) Chen,2026-04-22,11:59:41,-07:00,2026-04-22T11:59:41-07:00,2,26
index.html,22,html,d293e32e,Ricki (Rui) Chen,2026-04-23,22:29:43,-07:00,2026-04-23T22:29:43-07:00,0,0
index.html,23,html,d293e32e,Ricki (Rui) Chen,2026-04-23,22:29:43,-07:00,2026-04-23T22:29:43-07:00,2,19
index.html,24,html,d293e32e,Ricki (Rui) Chen,2026-04-23,22:29:43,-07:00,2026-04-23T22:29:43-07:00,2,28
index.html,25,html,61f1c791,Ricki (Rui) Chen,2026-04-22,11:59:41,-07:00,2026-04-22T11:59:41-07:00,2,0
index.html,26,html,735cd6f3,Ricki (Rui) Chen,2026-04-03,15:34:38,-07:00,2026-04-03T15:34:38-07:00,0,5
index.html,27,html,505b888d,Ricki (Rui) Chen,2026-04-03,18:40:28,-07:00,2026-04-03T18:40:28-07:00,0,5
global.js,1,js,fcd0873d,Ricki (Rui) Chen,2026-04-15,15:45:41,-07:00,2026-04-15T15:45:41-07:00,0,25
global.js,2,js,fcd0873d,Ricki (Rui) Chen,2026-04-15,15:45:41,-07:00,2026-04-15T15:45:41-07:00,0,0
global.js,3,js,fcd0873d,Ricki (Rui) Chen,2026-04-15,15:45:41,-07:00,2026-04-15T15:45:41-07:00,0,41
global.js,4,js,fcd0873d,Ricki (Rui) Chen,2026-04-15,15:45:41,-07:00,2026-04-15T15:45:41-07:00,1,52
global.js,5,js,a7b61798,Ricki (Rui) Chen,2026-04-16,20:35:54,-07:00,2026-04-16T20:35:54-07:00,0,0
global.js,6,js,a7b61798,Ricki (Rui) Chen,2026-04-16,20:35:54,-07:00,2026-04-16T20:35:54-07:00,0,0
global.js,7,js,308526a2,Ricki (Rui) Chen,2026-04-16,21:38:11,-07:00,2026-04-16T21:38:11-07:00,0,11
global.js,8,js,f0dcdbce,Ricki (Rui) Chen,2026-04-17,12:17:54,-07:00,2026-04-17T12:17:54-07:00,1,25
global.js,9,js,f0dcdbce,Ricki (Rui) Chen,2026-04-17,12:17:54,-07:00,2026-04-17T12:17:54-07:00,1,38
global.js,10,js,f0dcdbce,Ricki (Rui) Chen,2026-04-17,12:17:54,-07:00,2026-04-17T12:17:54-07:00,1,36
global.js,11,js,941a9165,Ricki (Rui) Chen,2026-05-08,14:26:07,-07:00,2026-05-08T14:26:07-07:00,1,30
global.js,12,js,308526a2,Ricki (Rui) Chen,2026-04-16,21:38:11,-07:00,2026-04-16T21:38:11-07:00,1,54
global.js,13,js,f0dcdbce,Ricki (Rui) Chen,2026-04-17,12:17:54,-07:00,2026-04-17T12:17:54-07:00,1,34
global.js,14,js,308526a2,Ricki (Rui) Chen,2026-04-16,21:38:11,-07:00,2026-04-16T21:38:11-07:00,0,0
global.js,15,js,308526a2,Ricki (Rui) Chen,2026-04-16,21:38:11,-07:00,2026-04-16T21:38:11-07:00,0,0
global.js,16,js,308526a2,Ricki (Rui) Chen,2026-04-16,21:38:11,-07:00,2026-04-16T21:38:11-07:00,0,38
global.js,17,js,308526a2,Ricki (Rui) Chen,2026-04-16,21:38:11,-07:00,2026-04-16T21:38:11-07:00,0,25
global.js,18,js,308526a2,Ricki (Rui) Chen,2026-04-16,21:38:11,-07:00,2026-04-16T21:38:11-07:00,0,0
global.js,19,js,6fe1dd83,Ricki (Rui) Chen,2026-04-17,14:12:14,-07:00,2026-04-17T14:12:14-07:00,0,31
global.js,20,js,6fe1dd83,Ricki (Rui) Chen,2026-04-17,14:12:14,-07:00,2026-04-17T14:12:14-07:00,1,11
global.js,21,js,6fe1dd83,Ricki (Rui) Chen,2026-04-17,14:12:14,-07:00,2026-04-17T14:12:14-07:00,1,0
global.js,22,js,6fe1dd83,Ricki (Rui) Chen,2026-04-17,14:12:14,-07:00,2026-04-17T14:12:14-07:00,2,26
global.js,23,js,6fe1dd83,Ricki (Rui) Chen,2026-04-17,14:12:14,-07:00,2026-04-17T14:12:14-07:00,3,4
global.js,24,js,6fe1dd83,Ricki (Rui) Chen,2026-04-17,14:12:14,-07:00,2026-04-17T14:12:14-07:00,3,6
global.js,25,js,6fe1dd83,Ricki (Rui) Chen,2026-04-17,14:12:14,-07:00,2026-04-17T14:12:14-07:00,4,43
global.js,26,js,6fe1dd83,Ricki (Rui) Chen,2026-04-17,14:12:14,-07:00,2026-04-17T14:12:14-07:00,4,34
global.js,27,js,6fe1dd83,Ricki (Rui) Chen,2026-04-17,14:12:14,-07:00,2026-04-17T14:12:14-07:00,4,32
global.js,28,js,6fe1dd83,Ricki (Rui) Chen,2026-04-17,14:12:14,-07:00,2026-04-17T14:12:14-07:00,3,7
global.js,29,js,6fe1dd83,Ricki (Rui) Chen,2026-04-17,14:12:14,-07:00,2026-04-17T14:12:14-07:00,2,6
global.js,30,js,6fe1dd83,Ricki (Rui) Chen,2026-04-17,14:12:14,-07:00,2026-04-17T14:12:14-07:00,1,0
global.js,31,js,6fe1dd83,Ricki (Rui) Chen,2026-04-17,14:12:14,-07:00,2026-04-17T14:12:14-07:00,0,0
global.js,32,js,6fe1dd83,Ricki (Rui) Chen,2026-04-17,14:12:14,-07:00,2026-04-17T14:12:14-07:00,0,0
global.js,33,js,2b7f9dec,Ricki (Rui) Chen,2026-04-17,14:22:16,-07:00,2026-04-17T14:22:16-07:00,0,58
global.js,34,js,2b7f9dec,Ricki (Rui) Chen,2026-04-17,14:22:16,-07:00,2026-04-17T14:22:16-07:00,0,0
global.js,35,js,2b7f9dec,Ricki (Rui) Chen,2026-04-17,14:22:16,-07:00,2026-04-17T14:22:16-07:00,0,49
global.js,36,js,2b7f9dec,Ricki (Rui) Chen,2026-04-17,14:22:16,-07:00,2026-04-17T14:22:16-07:00,1,77
global.js,37,js,fb7cc094,Ricki (Rui) Chen,2026-04-17,14:26:08,-07:00,2026-04-17T14:26:08-07:00,1,44
global.js,38,js,2b7f9dec,Ricki (Rui) Chen,2026-04-17,14:22:16,-07:00,2026-04-17T14:22:16-07:00,0,1
global.js,39,js,2b7f9dec,Ricki (Rui) Chen,2026-04-17,14:22:16,-07:00,2026-04-17T14:22:16-07:00,0,0
global.js,40,js,fb7cc094,Ricki (Rui) Chen,2026-04-17,14:26:08,-07:00,2026-04-17T14:26:08-07:00,0,34
global.js,41,js,fb7cc094,Ricki (Rui) Chen,2026-04-17,14:26:08,-07:00,2026-04-17T14:26:08-07:00,1,35
global.js,42,js,fb7cc094,Ricki (Rui) Chen,2026-04-17,14:26:08,-07:00,2026-04-17T14:26:08-07:00,1,64
global.js,43,js,fb7cc094,Ricki (Rui) Chen,2026-04-17,14:26:08,-07:00,2026-04-17T14:26:08-07:00,1,19
global.js,44,js,fb7cc094,Ricki (Rui) Chen,2026-04-17,14:26:08,-07:00,2026-04-17T14:26:08-07:00,0,0
global.js,45,js,fb7cc094,Ricki (Rui) Chen,2026-04-17,14:26:08,-07:00,2026-04-17T14:26:08-07:00,0,0
global.js,46,js,2119ca8d,Ricki (Rui) Chen,2026-04-17,13:12:19,-07:00,2026-04-17T13:12:19-07:00,0,88
global.js,47,js,2119ca8d,Ricki (Rui) Chen,2026-04-17,13:12:19,-07:00,2026-04-17T13:12:19-07:00,1,3
global.js,48,js,0d6f0e09,Ricki (Rui) Chen,2026-04-17,13:47:02,-07:00,2026-04-17T13:47:02-07:00,1,14
global.js,49,js,308526a2,Ricki (Rui) Chen,2026-04-16,21:38:11,-07:00,2026-04-16T21:38:11-07:00,0,0
global.js,50,js,308526a2,Ricki (Rui) Chen,2026-04-16,21:38:11,-07:00,2026-04-16T21:38:11-07:00,0,20
global.js,51,js,308526a2,Ricki (Rui) Chen,2026-04-16,21:38:11,-07:00,2026-04-16T21:38:11-07:00,1,14
global.js,52,js,308526a2,Ricki (Rui) Chen,2026-04-16,21:38:11,-07:00,2026-04-16T21:38:11-07:00,1,18
global.js,53,js,f0dcdbce,Ricki (Rui) Chen,2026-04-17,12:17:54,-07:00,2026-04-17T12:17:54-07:00,0,0
global.js,54,js,f0dcdbce,Ricki (Rui) Chen,2026-04-17,12:17:54,-07:00,2026-04-17T12:17:54-07:00,1,52
global.js,55,js,f0dcdbce,Ricki (Rui) Chen,2026-04-17,12:17:54,-07:00,2026-04-17T12:17:54-07:00,0,0
global.js,56,js,880dfdd5,Ricki (Rui) Chen,2026-04-17,13:38:58,-07:00,2026-04-17T13:38:58-07:00,1,34
global.js,57,js,880dfdd5,Ricki (Rui) Chen,2026-04-17,13:38:58,-07:00,2026-04-17T13:38:58-07:00,1,11
global.js,58,js,880dfdd5,Ricki (Rui) Chen,2026-04-17,13:38:58,-07:00,2026-04-17T13:38:58-07:00,1,20
global.js,59,js,880dfdd5,Ricki (Rui) Chen,2026-04-17,13:38:58,-07:00,2026-04-17T13:38:58-07:00,0,0
global.js,60,js,880dfdd5,Ricki (Rui) Chen,2026-04-17,13:38:58,-07:00,2026-04-17T13:38:58-07:00,1,65
global.js,61,js,880dfdd5,Ricki (Rui) Chen,2026-04-17,13:38:58,-07:00,2026-04-17T13:38:58-07:00,2,25
global.js,62,js,880dfdd5,Ricki (Rui) Chen,2026-04-17,13:38:58,-07:00,2026-04-17T13:38:58-07:00,1,0
global.js,63,js,880dfdd5,Ricki (Rui) Chen,2026-04-17,13:38:58,-07:00,2026-04-17T13:38:58-07:00,0,0
global.js,64,js,880dfdd5,Ricki (Rui) Chen,2026-04-17,13:38:58,-07:00,2026-04-17T13:38:58-07:00,1,29
global.js,65,js,880dfdd5,Ricki (Rui) Chen,2026-04-17,13:38:58,-07:00,2026-04-17T13:38:58-07:00,2,18
global.js,66,js,880dfdd5,Ricki (Rui) Chen,2026-04-17,13:38:58,-07:00,2026-04-17T13:38:58-07:00,1,0
global.js,67,js,0d6f0e09,Ricki (Rui) Chen,2026-04-17,13:47:02,-07:00,2026-04-17T13:47:02-07:00,0,0
global.js,68,js,880dfdd5,Ricki (Rui) Chen,2026-04-17,13:38:58,-07:00,2026-04-17T13:38:58-07:00,1,12
global.js,69,js,3e3977a2,Ricki (Rui) Chen,2026-04-17,14:33:35,-07:00,2026-04-17T14:33:35-07:00,0,0
global.js,70,js,3e3977a2,Ricki (Rui) Chen,2026-04-17,14:33:35,-07:00,2026-04-17T14:33:35-07:00,0,0
global.js,71,js,3e3977a2,Ricki (Rui) Chen,2026-04-17,14:33:35,-07:00,2026-04-17T14:33:35-07:00,0,40
global.js,72,js,3e3977a2,Ricki (Rui) Chen,2026-04-17,14:33:35,-07:00,2026-04-17T14:33:35-07:00,0,0
global.js,73,js,3e3977a2,Ricki (Rui) Chen,2026-04-17,14:33:35,-07:00,2026-04-17T14:33:35-07:00,0,49
global.js,74,js,3e3977a2,Ricki (Rui) Chen,2026-04-17,14:33:35,-07:00,2026-04-17T14:33:35-07:00,1,21
global.js,75,js,3e3977a2,Ricki (Rui) Chen,2026-04-17,14:33:35,-07:00,2026-04-17T14:33:35-07:00,0,0
global.js,76,js,3e3977a2,Ricki (Rui) Chen,2026-04-17,14:33:35,-07:00,2026-04-17T14:33:35-07:00,1,28
global.js,77,js,3e3977a2,Ricki (Rui) Chen,2026-04-17,14:33:35,-07:00,2026-04-17T14:33:35-07:00,1,26
global.js,78,js,3e3977a2,Ricki (Rui) Chen,2026-04-17,14:33:35,-07:00,2026-04-17T14:33:35-07:00,0,0
global.js,79,js,3e3977a2,Ricki (Rui) Chen,2026-04-17,14:33:35,-07:00,2026-04-17T14:33:35-07:00,1,31
global.js,80,js,3e3977a2,Ricki (Rui) Chen,2026-04-17,14:33:35,-07:00,2026-04-17T14:33:35-07:00,2,45
global.js,81,js,3e3977a2,Ricki (Rui) Chen,2026-04-17,14:33:35,-07:00,2026-04-17T14:33:35-07:00,1,0
global.js,82,js,3e3977a2,Ricki (Rui) Chen,2026-04-17,14:33:35,-07:00,2026-04-17T14:33:35-07:00,0,0
global.js,83,js,3e3977a2,Ricki (Rui) Chen,2026-04-17,14:33:35,-07:00,2026-04-17T14:33:35-07:00,1,18
global.js,84,js,5b418ff5,Ricki (Rui) Chen,2026-04-22,11:30:20,-07:00,2026-04-22T11:30:20-07:00,0,1
global.js,85,js,5b418ff5,Ricki (Rui) Chen,2026-04-22,11:30:20,-07:00,2026-04-22T11:30:20-07:00,0,0
global.js,86,js,5b418ff5,Ricki (Rui) Chen,2026-04-22,11:30:20,-07:00,2026-04-22T11:30:20-07:00,0,25
global.js,87,js,5b418ff5,Ricki (Rui) Chen,2026-04-22,11:30:20,-07:00,2026-04-22T11:30:20-07:00,0,0
global.js,88,js,5b418ff5,Ricki (Rui) Chen,2026-04-22,11:30:20,-07:00,2026-04-22T11:30:20-07:00,0,36
global.js,89,js,5b418ff5,Ricki (Rui) Chen,2026-04-22,11:30:20,-07:00,2026-04-22T11:30:20-07:00,1,3
global.js,90,js,5b418ff5,Ricki (Rui) Chen,2026-04-22,11:30:20,-07:00,2026-04-22T11:30:20-07:00,2,32
global.js,91,js,5b418ff5,Ricki (Rui) Chen,2026-04-22,11:30:20,-07:00,2026-04-22T11:30:20-07:00,0,0
global.js,92,js,5b418ff5,Ricki (Rui) Chen,2026-04-22,11:30:20,-07:00,2026-04-22T11:30:20-07:00,2,17
global.js,93,js,5b418ff5,Ricki (Rui) Chen,2026-04-22,11:30:20,-07:00,2026-04-22T11:30:20-07:00,3,66
global.js,94,js,5b418ff5,Ricki (Rui) Chen,2026-04-22,11:30:20,-07:00,2026-04-22T11:30:20-07:00,2,0
global.js,95,js,5b418ff5,Ricki (Rui) Chen,2026-04-22,11:30:20,-07:00,2026-04-22T11:30:20-07:00,0,0
global.js,96,js,5b418ff5,Ricki (Rui) Chen,2026-04-22,11:30:20,-07:00,2026-04-22T11:30:20-07:00,2,33
global.js,97,js,5b418ff5,Ricki (Rui) Chen,2026-04-22,11:30:20,-07:00,2026-04-22T11:30:20-07:00,2,10
global.js,98,js,5b418ff5,Ricki (Rui) Chen,2026-04-22,11:30:20,-07:00,2026-04-22T11:30:20-07:00,1,15
global.js,99,js,5b418ff5,Ricki (Rui) Chen,2026-04-22,11:30:20,-07:00,2026-04-22T11:30:20-07:00,2,59
global.js,100,js,5b418ff5,Ricki (Rui) Chen,2026-04-22,11:30:20,-07:00,2026-04-22T11:30:20-07:00,1,0
global.js,101,js,5b418ff5,Ricki (Rui) Chen,2026-04-22,11:30:20,-07:00,2026-04-22T11:30:20-07:00,0,0
global.js,102,js,5b418ff5,Ricki (Rui) Chen,2026-04-22,11:30:20,-07:00,2026-04-22T11:30:20-07:00,0,0
global.js,103,js,5b418ff5,Ricki (Rui) Chen,2026-04-22,11:30:20,-07:00,2026-04-22T11:30:20-07:00,0,79
global.js,104,js,5b418ff5,Ricki (Rui) Chen,2026-04-22,11:30:20,-07:00,2026-04-22T11:30:20-07:00,1,30
global.js,105,js,5b418ff5,Ricki (Rui) Chen,2026-04-22,11:30:20,-07:00,2026-04-22T11:30:20-07:00,0,0
global.js,106,js,5b418ff5,Ricki (Rui) Chen,2026-04-22,11:30:20,-07:00,2026-04-22T11:30:20-07:00,1,29
global.js,107,js,5b418ff5,Ricki (Rui) Chen,2026-04-22,11:30:20,-07:00,2026-04-22T11:30:20-07:00,2,48
global.js,108,js,5b418ff5,Ricki (Rui) Chen,2026-04-22,11:30:20,-07:00,2026-04-22T11:30:20-07:00,0,0
global.js,109,js,5b418ff5,Ricki (Rui) Chen,2026-04-22,11:30:20,-07:00,2026-04-22T11:30:20-07:00,2,19
global.js,110,js,5b418ff5,Ricki (Rui) Chen,2026-04-22,11:30:20,-07:00,2026-04-22T11:30:20-07:00,3,49
global.js,111,js,5b418ff5,Ricki (Rui) Chen,2026-04-22,11:30:20,-07:00,2026-04-22T11:30:20-07:00,3,49
global.js,112,js,a5395656,Ricki (Rui) Chen,2026-04-29,23:16:47,-07:00,2026-04-29T23:16:47-07:00,3,3
global.js,113,js,a5395656,Ricki (Rui) Chen,2026-04-29,23:16:47,-07:00,2026-04-29T23:16:47-07:00,4,27
global.js,114,js,a5395656,Ricki (Rui) Chen,2026-04-29,23:16:47,-07:00,2026-04-29T23:16:47-07:00,4,44
global.js,115,js,a5395656,Ricki (Rui) Chen,2026-04-29,23:16:47,-07:00,2026-04-29T23:16:47-07:00,3,4
global.js,116,js,5b418ff5,Ricki (Rui) Chen,2026-04-22,11:30:20,-07:00,2026-04-22T11:30:20-07:00,2,0
global.js,117,js,5b418ff5,Ricki (Rui) Chen,2026-04-22,11:30:20,-07:00,2026-04-22T11:30:20-07:00,0,0
global.js,118,js,5b418ff5,Ricki (Rui) Chen,2026-04-22,11:30:20,-07:00,2026-04-22T11:30:20-07:00,2,36
global.js,119,js,5b418ff5,Ricki (Rui) Chen,2026-04-22,11:30:20,-07:00,2026-04-22T11:30:20-07:00,1,0
global.js,120,js,d293e32e,Ricki (Rui) Chen,2026-04-23,22:29:43,-07:00,2026-04-23T22:29:43-07:00,0,0
global.js,121,js,d293e32e,Ricki (Rui) Chen,2026-04-23,22:29:43,-07:00,2026-04-23T22:29:43-07:00,0,0
global.js,122,js,d293e32e,Ricki (Rui) Chen,2026-04-23,22:29:43,-07:00,2026-04-23T22:29:43-07:00,0,47
global.js,123,js,d293e32e,Ricki (Rui) Chen,2026-04-23,22:29:43,-07:00,2026-04-23T22:29:43-07:00,1,59
global.js,124,js,275982cf,Ricki (Rui) Chen,2026-04-24,19:39:17,-07:00,2026-04-24T19:39:17-07:00,0,0
global.js,125,js,275982cf,Ricki (Rui) Chen,2026-04-24,19:39:17,-07:00,2026-04-24T19:39:17-07:00,0,0
resume\index.html,1,html,8ee1c6e6,Ricki (Rui) Chen,2026-04-03,18:24:55,-07:00,2026-04-03T18:24:55-07:00,0,13
resume\index.html,2,html,8ee1c6e6,Ricki (Rui) Chen,2026-04-03,18:24:55,-07:00,2026-04-03T18:24:55-07:00,0,14
resume\index.html,3,html,8ee1c6e6,Ricki (Rui) Chen,2026-04-03,18:24:55,-07:00,2026-04-03T18:24:55-07:00,0,4
resume\index.html,4,html,8ee1c6e6,Ricki (Rui) Chen,2026-04-03,18:24:55,-07:00,2026-04-03T18:24:55-07:00,2,20
resume\index.html,5,html,8ee1c6e6,Ricki (Rui) Chen,2026-04-03,18:24:55,-07:00,2026-04-03T18:24:55-07:00,2,68
resume\index.html,6,html,8ee1c6e6,Ricki (Rui) Chen,2026-04-03,18:24:55,-07:00,2026-04-03T18:24:55-07:00,2,32
resume\index.html,7,html,8ee1c6e6,Ricki (Rui) Chen,2026-04-03,18:24:55,-07:00,2026-04-03T18:24:55-07:00,2,41
resume\index.html,8,html,fcd0873d,Ricki (Rui) Chen,2026-04-15,15:45:41,-07:00,2026-04-15T15:45:41-07:00,2,48
resume\index.html,9,html,8ee1c6e6,Ricki (Rui) Chen,2026-04-03,18:24:55,-07:00,2026-04-03T18:24:55-07:00,0,5
resume\index.html,10,html,c4b57cdf,Ricki (Rui) Chen,2026-04-10,17:18:09,-07:00,2026-04-10T17:18:09-07:00,0,24
resume\index.html,11,html,8ee1c6e6,Ricki (Rui) Chen,2026-04-03,18:24:55,-07:00,2026-04-03T18:24:55-07:00,0,0
resume\index.html,12,html,d788abb4,Ricki (Rui) Chen,2026-04-10,17:05:45,-07:00,2026-04-10T17:05:45-07:00,3,16
resume\index.html,13,html,d788abb4,Ricki (Rui) Chen,2026-04-10,17:05:45,-07:00,2026-04-10T17:05:45-07:00,0,0
resume\index.html,14,html,d788abb4,Ricki (Rui) Chen,2026-04-10,17:05:45,-07:00,2026-04-10T17:05:45-07:00,1,7
resume\index.html,15,html,d788abb4,Ricki (Rui) Chen,2026-04-10,17:05:45,-07:00,2026-04-10T17:05:45-07:00,2,16
resume\index.html,16,html,d788abb4,Ricki (Rui) Chen,2026-04-10,17:05:45,-07:00,2026-04-10T17:05:45-07:00,0,0
resume\index.html,17,html,d788abb4,Ricki (Rui) Chen,2026-04-10,17:05:45,-07:00,2026-04-10T17:05:45-07:00,2,7
resume\index.html,18,html,d788abb4,Ricki (Rui) Chen,2026-04-10,17:05:45,-07:00,2026-04-10T17:05:45-07:00,3,42
resume\index.html,19,html,d788abb4,Ricki (Rui) Chen,2026-04-10,17:05:45,-07:00,2026-04-10T17:05:45-07:00,3,42
resume\index.html,20,html,d788abb4,Ricki (Rui) Chen,2026-04-10,17:05:45,-07:00,2026-04-10T17:05:45-07:00,3,14
resume\index.html,21,html,d788abb4,Ricki (Rui) Chen,2026-04-10,17:05:45,-07:00,2026-04-10T17:05:45-07:00,4,46
resume\index.html,22,html,d788abb4,Ricki (Rui) Chen,2026-04-10,17:05:45,-07:00,2026-04-10T17:05:45-07:00,4,39
resume\index.html,23,html,d788abb4,Ricki (Rui) Chen,2026-04-10,17:05:45,-07:00,2026-04-10T17:05:45-07:00,3,2
resume\index.html,24,html,d788abb4,Ricki (Rui) Chen,2026-04-10,17:05:45,-07:00,2026-04-10T17:05:45-07:00,3,1
resume\index.html,25,html,d788abb4,Ricki (Rui) Chen,2026-04-10,17:05:45,-07:00,2026-04-10T17:05:45-07:00,4,63
resume\index.html,26,html,d788abb4,Ricki (Rui) Chen,2026-04-10,17:05:45,-07:00,2026-04-10T17:05:45-07:00,4,55
resume\index.html,27,html,d788abb4,Ricki (Rui) Chen,2026-04-10,17:05:45,-07:00,2026-04-10T17:05:45-07:00,3,2
resume\index.html,28,html,d788abb4,Ricki (Rui) Chen,2026-04-10,17:05:45,-07:00,2026-04-10T17:05:45-07:00,2,8
resume\index.html,29,html,d788abb4,Ricki (Rui) Chen,2026-04-10,17:05:45,-07:00,2026-04-10T17:05:45-07:00,1,8
resume\index.html,30,html,d788abb4,Ricki (Rui) Chen,2026-04-10,17:05:45,-07:00,2026-04-10T17:05:45-07:00,0,0
resume\index.html,31,html,d788abb4,Ricki (Rui) Chen,2026-04-10,17:05:45,-07:00,2026-04-10T17:05:45-07:00,1,7
resume\index.html,32,html,d788abb4,Ricki (Rui) Chen,2026-04-10,17:05:45,-07:00,2026-04-10T17:05:45-07:00,2,17
resume\index.html,33,html,d788abb4,Ricki (Rui) Chen,2026-04-10,17:05:45,-07:00,2026-04-10T17:05:45-07:00,0,0
resume\index.html,34,html,d788abb4,Ricki (Rui) Chen,2026-04-10,17:05:45,-07:00,2026-04-10T17:05:45-07:00,2,7
resume\index.html,35,html,d788abb4,Ricki (Rui) Chen,2026-04-10,17:05:45,-07:00,2026-04-10T17:05:45-07:00,3,20
resume\index.html,36,html,d788abb4,Ricki (Rui) Chen,2026-04-10,17:05:45,-07:00,2026-04-10T17:05:45-07:00,3,54
resume\index.html,37,html,d788abb4,Ricki (Rui) Chen,2026-04-10,17:05:45,-07:00,2026-04-10T17:05:45-07:00,3,14
resume\index.html,38,html,d788abb4,Ricki (Rui) Chen,2026-04-10,17:05:45,-07:00,2026-04-10T17:05:45-07:00,4,52
resume\index.html,39,html,d788abb4,Ricki (Rui) Chen,2026-04-10,17:05:45,-07:00,2026-04-10T17:05:45-07:00,3,2
resume\index.html,40,html,d788abb4,Ricki (Rui) Chen,2026-04-10,17:05:45,-07:00,2026-04-10T17:05:45-07:00,3,2
resume\index.html,41,html,d788abb4,Ricki (Rui) Chen,2026-04-10,17:05:45,-07:00,2026-04-10T17:05:45-07:00,4,83
resume\index.html,42,html,d788abb4,Ricki (Rui) Chen,2026-04-10,17:05:45,-07:00,2026-04-10T17:05:45-07:00,4,87
resume\index.html,43,html,d788abb4,Ricki (Rui) Chen,2026-04-10,17:05:45,-07:00,2026-04-10T17:05:45-07:00,4,89
resume\index.html,44,html,d788abb4,Ricki (Rui) Chen,2026-04-10,17:05:45,-07:00,2026-04-10T17:05:45-07:00,3,3
resume\index.html,45,html,d788abb4,Ricki (Rui) Chen,2026-04-10,17:05:45,-07:00,2026-04-10T17:05:45-07:00,2,8
resume\index.html,46,html,d788abb4,Ricki (Rui) Chen,2026-04-10,17:05:45,-07:00,2026-04-10T17:05:45-07:00,0,0
resume\index.html,47,html,d788abb4,Ricki (Rui) Chen,2026-04-10,17:05:45,-07:00,2026-04-10T17:05:45-07:00,2,7
resume\index.html,48,html,d788abb4,Ricki (Rui) Chen,2026-04-10,17:05:45,-07:00,2026-04-10T17:05:45-07:00,3,23
resume\index.html,49,html,d788abb4,Ricki (Rui) Chen,2026-04-10,17:05:45,-07:00,2026-04-10T17:05:45-07:00,3,57
resume\index.html,50,html,d788abb4,Ricki (Rui) Chen,2026-04-10,17:05:45,-07:00,2026-04-10T17:05:45-07:00,3,32
resume\index.html,51,html,d788abb4,Ricki (Rui) Chen,2026-04-10,17:05:45,-07:00,2026-04-10T17:05:45-07:00,3,2
resume\index.html,52,html,d788abb4,Ricki (Rui) Chen,2026-04-10,17:05:45,-07:00,2026-04-10T17:05:45-07:00,4,81
resume\index.html,53,html,d788abb4,Ricki (Rui) Chen,2026-04-10,17:05:45,-07:00,2026-04-10T17:05:45-07:00,4,95
resume\index.html,54,html,d788abb4,Ricki (Rui) Chen,2026-04-10,17:05:45,-07:00,2026-04-10T17:05:45-07:00,4,87
resume\index.html,55,html,d788abb4,Ricki (Rui) Chen,2026-04-10,17:05:45,-07:00,2026-04-10T17:05:45-07:00,3,3
resume\index.html,56,html,d788abb4,Ricki (Rui) Chen,2026-04-10,17:05:45,-07:00,2026-04-10T17:05:45-07:00,2,8
resume\index.html,57,html,d788abb4,Ricki (Rui) Chen,2026-04-10,17:05:45,-07:00,2026-04-10T17:05:45-07:00,1,8
resume\index.html,58,html,d788abb4,Ricki (Rui) Chen,2026-04-10,17:05:45,-07:00,2026-04-10T17:05:45-07:00,0,0
resume\index.html,59,html,8ee1c6e6,Ricki (Rui) Chen,2026-04-03,18:24:55,-07:00,2026-04-03T18:24:55-07:00,0,0
resume\index.html,60,html,8ee1c6e6,Ricki (Rui) Chen,2026-04-03,18:24:55,-07:00,2026-04-03T18:24:55-07:00,0,5
resume\index.html,61,html,8ee1c6e6,Ricki (Rui) Chen,2026-04-03,18:24:55,-07:00,2026-04-03T18:24:55-07:00,0,5
projects\projects.js,1,js,dd1db7b8,Ricki (Rui) Chen,2026-04-30,20:40:00,-07:00,2026-04-30T20:40:00-07:00,0,63
projects\projects.js,2,js,5b418ff5,Ricki (Rui) Chen,2026-04-22,11:30:20,-07:00,2026-04-22T11:30:20-07:00,0,55
projects\projects.js,3,js,5b418ff5,Ricki (Rui) Chen,2026-04-22,11:30:20,-07:00,2026-04-22T11:30:20-07:00,0,0
projects\projects.js,4,js,5b418ff5,Ricki (Rui) Chen,2026-04-22,11:30:20,-07:00,2026-04-22T11:30:20-07:00,0,55
projects\projects.js,5,js,5b418ff5,Ricki (Rui) Chen,2026-04-22,11:30:20,-07:00,2026-04-22T11:30:20-07:00,0,60
projects\projects.js,6,js,5b418ff5,Ricki (Rui) Chen,2026-04-22,11:30:20,-07:00,2026-04-22T11:30:20-07:00,0,0
projects\projects.js,7,js,118eb5c6,Ricki (Rui) Chen,2026-04-30,21:31:27,-07:00,2026-04-30T21:31:27-07:00,0,13
projects\projects.js,8,js,6118011d,Ricki (Rui) Chen,2026-04-30,23:16:04,-07:00,2026-04-30T23:16:04-07:00,0,22
projects\projects.js,9,js,1600a2de,Ricki (Rui) Chen,2026-04-30,22:21:25,-07:00,2026-04-30T22:21:25-07:00,0,0
projects\projects.js,10,js,6118011d,Ricki (Rui) Chen,2026-04-30,23:16:04,-07:00,2026-04-30T23:16:04-07:00,0,13
projects\projects.js,11,js,dd29ce47,Ricki (Rui) Chen,2026-04-30,21:53:25,-07:00,2026-04-30T21:53:25-07:00,0,0
projects\projects.js,12,js,b2d21645,Ricki (Rui) Chen,2026-04-30,21:36:15,-07:00,2026-04-30T21:36:15-07:00,0,53
projects\projects.js,13,js,b2d21645,Ricki (Rui) Chen,2026-04-30,21:36:15,-07:00,2026-04-30T21:36:15-07:00,0,0
projects\projects.js,14,js,b2d21645,Ricki (Rui) Chen,2026-04-30,21:36:15,-07:00,2026-04-30T21:36:15-07:00,0,48
projects\projects.js,15,js,6118011d,Ricki (Rui) Chen,2026-04-30,23:16:04,-07:00,2026-04-30T23:16:04-07:00,1,25
projects\projects.js,16,js,6118011d,Ricki (Rui) Chen,2026-04-30,23:16:04,-07:00,2026-04-30T23:16:04-07:00,1,13
projects\projects.js,17,js,6118011d,Ricki (Rui) Chen,2026-04-30,23:16:04,-07:00,2026-04-30T23:16:04-07:00,0,1
projects\projects.js,18,js,b2d21645,Ricki (Rui) Chen,2026-04-30,21:36:15,-07:00,2026-04-30T21:36:15-07:00,0,0
projects\projects.js,19,js,6118011d,Ricki (Rui) Chen,2026-04-30,23:16:04,-07:00,2026-04-30T23:16:04-07:00,0,23
projects\projects.js,20,js,b2d21645,Ricki (Rui) Chen,2026-04-30,21:36:15,-07:00,2026-04-30T21:36:15-07:00,1,51
projects\projects.js,21,js,b2d21645,Ricki (Rui) Chen,2026-04-30,21:36:15,-07:00,2026-04-30T21:36:15-07:00,2,59
projects\projects.js,22,js,6118011d,Ricki (Rui) Chen,2026-04-30,23:16:04,-07:00,2026-04-30T23:16:04-07:00,2,55
projects\projects.js,23,js,6118011d,Ricki (Rui) Chen,2026-04-30,23:16:04,-07:00,2026-04-30T23:16:04-07:00,2,70
projects\projects.js,24,js,6118011d,Ricki (Rui) Chen,2026-04-30,23:16:04,-07:00,2026-04-30T23:16:04-07:00,0,0
projects\projects.js,25,js,6118011d,Ricki (Rui) Chen,2026-04-30,23:16:04,-07:00,2026-04-30T23:16:04-07:00,2,34
projects\projects.js,26,js,b2d21645,Ricki (Rui) Chen,2026-04-30,21:36:15,-07:00,2026-04-30T21:36:15-07:00,1,1
projects\projects.js,27,js,b2d21645,Ricki (Rui) Chen,2026-04-30,21:36:15,-07:00,2026-04-30T21:36:15-07:00,0,0
projects\projects.js,28,js,b2d21645,Ricki (Rui) Chen,2026-04-30,21:36:15,-07:00,2026-04-30T21:36:15-07:00,1,56
projects\projects.js,29,js,dd29ce47,Ricki (Rui) Chen,2026-04-30,21:53:25,-07:00,2026-04-30T21:53:25-07:00,1,31
projects\projects.js,30,js,6118011d,Ricki (Rui) Chen,2026-04-30,23:16:04,-07:00,2026-04-30T23:16:04-07:00,0,0
projects\projects.js,31,js,b2d21645,Ricki (Rui) Chen,2026-04-30,21:36:15,-07:00,2026-04-30T21:36:15-07:00,0,0
projects\projects.js,32,js,dd29ce47,Ricki (Rui) Chen,2026-04-30,21:53:25,-07:00,2026-04-30T21:53:25-07:00,0,38
projects\projects.js,33,js,dd29ce47,Ricki (Rui) Chen,2026-04-30,21:53:25,-07:00,2026-04-30T21:53:25-07:00,1,26
projects\projects.js,34,js,dd29ce47,Ricki (Rui) Chen,2026-04-30,21:53:25,-07:00,2026-04-30T21:53:25-07:00,2,12
projects\projects.js,35,js,dd29ce47,Ricki (Rui) Chen,2026-04-30,21:53:25,-07:00,2026-04-30T21:53:25-07:00,2,14
projects\projects.js,36,js,dd29ce47,Ricki (Rui) Chen,2026-04-30,21:53:25,-07:00,2026-04-30T21:53:25-07:00,2,11
projects\projects.js,37,js,dd29ce47,Ricki (Rui) Chen,2026-04-30,21:53:25,-07:00,2026-04-30T21:53:25-07:00,1,0
projects\projects.js,38,js,2dad2b96,Ricki (Rui) Chen,2026-04-30,21:14:01,-07:00,2026-04-30T21:14:01-07:00,0,0
projects\projects.js,39,js,dd29ce47,Ricki (Rui) Chen,2026-04-30,21:53:25,-07:00,2026-04-30T21:53:25-07:00,1,44
projects\projects.js,40,js,dd29ce47,Ricki (Rui) Chen,2026-04-30,21:53:25,-07:00,2026-04-30T21:53:25-07:00,2,35
projects\projects.js,41,js,dd29ce47,Ricki (Rui) Chen,2026-04-30,21:53:25,-07:00,2026-04-30T21:53:25-07:00,1,1
projects\projects.js,42,js,aa657217,Ricki (Rui) Chen,2026-04-30,20:43:16,-07:00,2026-04-30T20:43:16-07:00,0,0
projects\projects.js,43,js,dd29ce47,Ricki (Rui) Chen,2026-04-30,21:53:25,-07:00,2026-04-30T21:53:25-07:00,1,57
projects\projects.js,44,js,dd29ce47,Ricki (Rui) Chen,2026-04-30,21:53:25,-07:00,2026-04-30T21:53:25-07:00,1,50
projects\projects.js,45,js,dd1db7b8,Ricki (Rui) Chen,2026-04-30,20:40:00,-07:00,2026-04-30T20:40:00-07:00,0,0
projects\projects.js,46,js,dd29ce47,Ricki (Rui) Chen,2026-04-30,21:53:25,-07:00,2026-04-30T21:53:25-07:00,1,33
projects\projects.js,47,js,dd29ce47,Ricki (Rui) Chen,2026-04-30,21:53:25,-07:00,2026-04-30T21:53:25-07:00,1,45
projects\projects.js,48,js,dd1db7b8,Ricki (Rui) Chen,2026-04-30,20:40:00,-07:00,2026-04-30T20:40:00-07:00,0,0
projects\projects.js,49,js,dd29ce47,Ricki (Rui) Chen,2026-04-30,21:53:25,-07:00,2026-04-30T21:53:25-07:00,1,47
projects\projects.js,50,js,aa657217,Ricki (Rui) Chen,2026-04-30,20:43:16,-07:00,2026-04-30T20:43:16-07:00,0,0
projects\projects.js,51,js,dd29ce47,Ricki (Rui) Chen,2026-04-30,21:53:25,-07:00,2026-04-30T21:53:25-07:00,1,40
projects\projects.js,52,js,dd29ce47,Ricki (Rui) Chen,2026-04-30,21:53:25,-07:00,2026-04-30T21:53:25-07:00,1,29
projects\projects.js,53,js,dd1db7b8,Ricki (Rui) Chen,2026-04-30,20:40:00,-07:00,2026-04-30T20:40:00-07:00,0,0
projects\projects.js,54,js,dd29ce47,Ricki (Rui) Chen,2026-04-30,21:53:25,-07:00,2026-04-30T21:53:25-07:00,1,32
projects\projects.js,55,js,dd29ce47,Ricki (Rui) Chen,2026-04-30,21:53:25,-07:00,2026-04-30T21:53:25-07:00,1,30
projects\projects.js,56,js,2eef5b7c,Ricki (Rui) Chen,2026-04-30,21:03:12,-07:00,2026-04-30T21:03:12-07:00,0,0
projects\projects.js,57,js,dd29ce47,Ricki (Rui) Chen,2026-04-30,21:53:25,-07:00,2026-04-30T21:53:25-07:00,1,26
projects\projects.js,58,js,dd29ce47,Ricki (Rui) Chen,2026-04-30,21:53:25,-07:00,2026-04-30T21:53:25-07:00,2,1
projects\projects.js,59,js,dd29ce47,Ricki (Rui) Chen,2026-04-30,21:53:25,-07:00,2026-04-30T21:53:25-07:00,3,13
projects\projects.js,60,js,dd29ce47,Ricki (Rui) Chen,2026-04-30,21:53:25,-07:00,2026-04-30T21:53:25-07:00,3,13
projects\projects.js,61,js,42700316,Ricki (Rui) Chen,2026-05-01,14:46:17,-07:00,2026-05-01T14:46:17-07:00,3,24
projects\projects.js,62,js,6118011d,Ricki (Rui) Chen,2026-04-30,23:16:04,-07:00,2026-04-30T23:16:04-07:00,3,63
projects\projects.js,63,js,be08333d,Ricki (Rui) Chen,2026-04-30,22:07:11,-07:00,2026-04-30T22:07:11-07:00,3,18
projects\projects.js,64,js,6118011d,Ricki (Rui) Chen,2026-04-30,23:16:04,-07:00,2026-04-30T23:16:04-07:00,4,32
projects\projects.js,65,js,6118011d,Ricki (Rui) Chen,2026-04-30,23:16:04,-07:00,2026-04-30T23:16:04-07:00,4,62
projects\projects.js,66,js,6118011d,Ricki (Rui) Chen,2026-04-30,23:16:04,-07:00,2026-04-30T23:16:04-07:00,4,13
projects\projects.js,67,js,be08333d,Ricki (Rui) Chen,2026-04-30,22:07:11,-07:00,2026-04-30T22:07:11-07:00,3,1
projects\projects.js,68,js,dd29ce47,Ricki (Rui) Chen,2026-04-30,21:53:25,-07:00,2026-04-30T21:53:25-07:00,1,1
projects\projects.js,69,js,dd29ce47,Ricki (Rui) Chen,2026-04-30,21:53:25,-07:00,2026-04-30T21:53:25-07:00,0,0
projects\projects.js,70,js,dd29ce47,Ricki (Rui) Chen,2026-04-30,21:53:25,-07:00,2026-04-30T21:53:25-07:00,1,24
projects\projects.js,71,js,dd29ce47,Ricki (Rui) Chen,2026-04-30,21:53:25,-07:00,2026-04-30T21:53:25-07:00,2,4
projects\projects.js,72,js,dd29ce47,Ricki (Rui) Chen,2026-04-30,21:53:25,-07:00,2026-04-30T21:53:25-07:00,3,11
projects\projects.js,73,js,6118011d,Ricki (Rui) Chen,2026-04-30,23:16:04,-07:00,2026-04-30T23:16:04-07:00,3,78
projects\projects.js,74,js,42700316,Ricki (Rui) Chen,2026-05-01,14:46:17,-07:00,2026-05-01T14:46:17-07:00,3,39
projects\projects.js,75,js,dd29ce47,Ricki (Rui) Chen,2026-04-30,21:53:25,-07:00,2026-04-30T21:53:25-07:00,3,69
projects\projects.js,76,js,dd29ce47,Ricki (Rui) Chen,2026-04-30,21:53:25,-07:00,2026-04-30T21:53:25-07:00,1,1
projects\projects.js,77,js,dd29ce47,Ricki (Rui) Chen,2026-04-30,21:53:25,-07:00,2026-04-30T21:53:25-07:00,0,0
projects\projects.js,78,js,2eef5b7c,Ricki (Rui) Chen,2026-04-30,21:03:12,-07:00,2026-04-30T21:03:12-07:00,0,0
projects\projects.js,79,js,5b418ff5,Ricki (Rui) Chen,2026-04-22,11:30:20,-07:00,2026-04-22T11:30:20-07:00,0,62
projects\projects.js,80,js,6118011d,Ricki (Rui) Chen,2026-04-30,23:16:04,-07:00,2026-04-30T23:16:04-07:00,0,0
projects\projects.js,81,js,6118011d,Ricki (Rui) Chen,2026-04-30,23:16:04,-07:00,2026-04-30T23:16:04-07:00,0,18
projects\projects.js,82,js,6118011d,Ricki (Rui) Chen,2026-04-30,23:16:04,-07:00,2026-04-30T23:16:04-07:00,1,56
projects\projects.js,83,js,941a9165,Ricki (Rui) Chen,2026-05-08,14:26:07,-07:00,2026-05-08T14:26:07-07:00,0,0
projects\projects.js,84,js,941a9165,Ricki (Rui) Chen,2026-05-08,14:26:07,-07:00,2026-05-08T14:26:07-07:00,0,0
projects\index.html,1,html,6a6df83f,Ricki (Rui) Chen,2026-04-03,17:00:33,-07:00,2026-04-03T17:00:33-07:00,0,13
projects\index.html,2,html,6a6df83f,Ricki (Rui) Chen,2026-04-03,17:00:33,-07:00,2026-04-03T17:00:33-07:00,0,14
projects\index.html,3,html,6a6df83f,Ricki (Rui) Chen,2026-04-03,17:00:33,-07:00,2026-04-03T17:00:33-07:00,0,4
projects\index.html,4,html,6a6df83f,Ricki (Rui) Chen,2026-04-03,17:00:33,-07:00,2026-04-03T17:00:33-07:00,2,20
projects\index.html,5,html,6a6df83f,Ricki (Rui) Chen,2026-04-03,17:00:33,-07:00,2026-04-03T17:00:33-07:00,2,68
projects\index.html,6,html,06d6d365,Ricki (Rui) Chen,2026-04-03,19:22:57,-07:00,2026-04-03T19:22:57-07:00,2,21
projects\index.html,7,html,06d6d365,Ricki (Rui) Chen,2026-04-03,19:22:57,-07:00,2026-04-03T19:22:57-07:00,2,41
projects\index.html,8,html,4b0cba8d,Ricki (Rui) Chen,2026-04-16,20:25:59,-07:00,2026-04-16T20:25:59-07:00,2,48
projects\index.html,9,html,5b418ff5,Ricki (Rui) Chen,2026-04-22,11:30:20,-07:00,2026-04-22T11:30:20-07:00,2,47
projects\index.html,10,html,6a6df83f,Ricki (Rui) Chen,2026-04-03,17:00:33,-07:00,2026-04-03T17:00:33-07:00,0,5
projects\index.html,11,html,6a6df83f,Ricki (Rui) Chen,2026-04-03,17:00:33,-07:00,2026-04-03T17:00:33-07:00,0,4
projects\index.html,12,html,5b418ff5,Ricki (Rui) Chen,2026-04-22,11:30:20,-07:00,2026-04-22T11:30:20-07:00,2,41
projects\index.html,13,html,6c9f818c,Ricki (Rui) Chen,2026-04-29,23:34:31,-07:00,2026-04-29T23:34:31-07:00,0,0
projects\index.html,14,html,7e9813a5,Ricki (Rui) Chen,2026-04-29,23:30:34,-07:00,2026-04-29T23:30:34-07:00,2,15
projects\index.html,15,html,7e9813a5,Ricki (Rui) Chen,2026-04-29,23:30:34,-07:00,2026-04-29T23:30:34-07:00,0,0
projects\index.html,16,html,b67bef67,Ricki (Rui) Chen,2026-04-30,21:12:42,-07:00,2026-04-30T21:12:42-07:00,0,27
projects\index.html,17,html,7e9813a5,Ricki (Rui) Chen,2026-04-29,23:30:34,-07:00,2026-04-29T23:30:34-07:00,2,52
projects\index.html,18,html,2eef5b7c,Ricki (Rui) Chen,2026-04-30,21:03:12,-07:00,2026-04-30T21:03:12-07:00,2,0
projects\index.html,19,html,7e9813a5,Ricki (Rui) Chen,2026-04-29,23:30:34,-07:00,2026-04-29T23:30:34-07:00,2,4
projects\index.html,20,html,7e9813a5,Ricki (Rui) Chen,2026-04-29,23:30:34,-07:00,2026-04-29T23:30:34-07:00,0,0
projects\index.html,21,html,2eef5b7c,Ricki (Rui) Chen,2026-04-30,21:03:12,-07:00,2026-04-30T21:03:12-07:00,2,22
projects\index.html,22,html,b67bef67,Ricki (Rui) Chen,2026-04-30,21:12:42,-07:00,2026-04-30T21:12:42-07:00,0,4
projects\index.html,23,html,2eef5b7c,Ricki (Rui) Chen,2026-04-30,21:03:12,-07:00,2026-04-30T21:03:12-07:00,0,0
projects\index.html,24,html,118eb5c6,Ricki (Rui) Chen,2026-04-30,21:31:27,-07:00,2026-04-30T21:31:27-07:00,0,4
projects\index.html,25,html,118eb5c6,Ricki (Rui) Chen,2026-04-30,21:31:27,-07:00,2026-04-30T21:31:27-07:00,1,15
projects\index.html,26,html,118eb5c6,Ricki (Rui) Chen,2026-04-30,21:31:27,-07:00,2026-04-30T21:31:27-07:00,1,11
projects\index.html,27,html,118eb5c6,Ricki (Rui) Chen,2026-04-30,21:31:27,-07:00,2026-04-30T21:31:27-07:00,1,26
projects\index.html,28,html,118eb5c6,Ricki (Rui) Chen,2026-04-30,21:31:27,-07:00,2026-04-30T21:31:27-07:00,1,33
projects\index.html,29,html,118eb5c6,Ricki (Rui) Chen,2026-04-30,21:31:27,-07:00,2026-04-30T21:31:27-07:00,0,0
projects\index.html,30,html,118eb5c6,Ricki (Rui) Chen,2026-04-30,21:31:27,-07:00,2026-04-30T21:31:27-07:00,0,0
projects\index.html,31,html,b2d21645,Ricki (Rui) Chen,2026-04-30,21:36:15,-07:00,2026-04-30T21:36:15-07:00,0,6
projects\index.html,32,html,b2d21645,Ricki (Rui) Chen,2026-04-30,21:36:15,-07:00,2026-04-30T21:36:15-07:00,0,0
projects\index.html,33,html,7e9813a5,Ricki (Rui) Chen,2026-04-29,23:30:34,-07:00,2026-04-29T23:30:34-07:00,0,26
projects\index.html,34,html,addb1a0c,Ricki (Rui) Chen,2026-04-22,11:52:03,-07:00,2026-04-22T11:52:03-07:00,2,26
projects\index.html,35,html,6a6df83f,Ricki (Rui) Chen,2026-04-03,17:00:33,-07:00,2026-04-03T17:00:33-07:00,0,5
projects\index.html,36,html,6a6df83f,Ricki (Rui) Chen,2026-04-03,17:00:33,-07:00,2026-04-03T17:00:33-07:00,0,5
meta\index.html,1,html,941a9165,Ricki (Rui) Chen,2026-05-08,14:26:07,-07:00,2026-05-08T14:26:07-07:00,0,13
meta\index.html,2,html,941a9165,Ricki (Rui) Chen,2026-05-08,14:26:07,-07:00,2026-05-08T14:26:07-07:00,0,14
meta\index.html,3,html,941a9165,Ricki (Rui) Chen,2026-05-08,14:26:07,-07:00,2026-05-08T14:26:07-07:00,0,4
meta\index.html,4,html,941a9165,Ricki (Rui) Chen,2026-05-08,14:26:07,-07:00,2026-05-08T14:26:07-07:00,1,20
meta\index.html,5,html,941a9165,Ricki (Rui) Chen,2026-05-08,14:26:07,-07:00,2026-05-08T14:26:07-07:00,1,17
meta\index.html,6,html,941a9165,Ricki (Rui) Chen,2026-05-08,14:26:07,-07:00,2026-05-08T14:26:07-07:00,1,41
meta\index.html,7,html,941a9165,Ricki (Rui) Chen,2026-05-08,14:26:07,-07:00,2026-05-08T14:26:07-07:00,1,48
meta\index.html,8,html,941a9165,Ricki (Rui) Chen,2026-05-08,14:26:07,-07:00,2026-05-08T14:26:07-07:00,0,5
meta\index.html,9,html,941a9165,Ricki (Rui) Chen,2026-05-08,14:26:07,-07:00,2026-05-08T14:26:07-07:00,0,4
meta\index.html,10,html,941a9165,Ricki (Rui) Chen,2026-05-08,14:26:07,-07:00,2026-05-08T14:26:07-07:00,1,11
meta\index.html,11,html,941a9165,Ricki (Rui) Chen,2026-05-08,14:26:07,-07:00,2026-05-08T14:26:07-07:00,1,61
meta\index.html,12,html,941a9165,Ricki (Rui) Chen,2026-05-08,14:26:07,-07:00,2026-05-08T14:26:07-07:00,0,5
meta\index.html,13,html,941a9165,Ricki (Rui) Chen,2026-05-08,14:26:07,-07:00,2026-05-08T14:26:07-07:00,0,5
contact\index.html,1,html,6a6df83f,Ricki (Rui) Chen,2026-04-03,17:00:33,-07:00,2026-04-03T17:00:33-07:00,0,13
contact\index.html,2,html,6a6df83f,Ricki (Rui) Chen,2026-04-03,17:00:33,-07:00,2026-04-03T17:00:33-07:00,0,14
contact\index.html,3,html,6a6df83f,Ricki (Rui) Chen,2026-04-03,17:00:33,-07:00,2026-04-03T17:00:33-07:00,0,4
contact\index.html,4,html,6a6df83f,Ricki (Rui) Chen,2026-04-03,17:00:33,-07:00,2026-04-03T17:00:33-07:00,2,20
contact\index.html,5,html,6a6df83f,Ricki (Rui) Chen,2026-04-03,17:00:33,-07:00,2026-04-03T17:00:33-07:00,2,68
contact\index.html,6,html,8ee1c6e6,Ricki (Rui) Chen,2026-04-03,18:24:55,-07:00,2026-04-03T18:24:55-07:00,2,33
contact\index.html,7,html,8ee1c6e6,Ricki (Rui) Chen,2026-04-03,18:24:55,-07:00,2026-04-03T18:24:55-07:00,2,41
contact\index.html,8,html,fcd0873d,Ricki (Rui) Chen,2026-04-15,15:45:41,-07:00,2026-04-15T15:45:41-07:00,2,48
contact\index.html,9,html,6a6df83f,Ricki (Rui) Chen,2026-04-03,17:00:33,-07:00,2026-04-03T17:00:33-07:00,0,5
contact\index.html,10,html,6a6df83f,Ricki (Rui) Chen,2026-04-03,17:00:33,-07:00,2026-04-03T17:00:33-07:00,0,4
contact\index.html,11,html,6a6df83f,Ricki (Rui) Chen,2026-04-03,17:00:33,-07:00,2026-04-03T17:00:33-07:00,0,0
contact\index.html,12,html,6a6df83f,Ricki (Rui) Chen,2026-04-03,17:00:33,-07:00,2026-04-03T17:00:33-07:00,0,0
contact\index.html,13,html,45ded0bf,Ricki (Rui) Chen,2026-04-10,13:04:45,-07:00,2026-04-10T13:04:45-07:00,2,17
contact\index.html,14,html,8ee1c6e6,Ricki (Rui) Chen,2026-04-03,18:24:55,-07:00,2026-04-03T18:24:55-07:00,0,0
contact\index.html,15,html,0154d328,Ricki (Rui) Chen,2026-04-17,15:10:47,-07:00,2026-04-17T15:10:47-07:00,2,36
contact\index.html,16,html,cbffec15,Ricki (Rui) Chen,2026-04-10,15:34:02,-07:00,2026-04-10T15:34:02-07:00,4,35
contact\index.html,17,html,cbffec15,Ricki (Rui) Chen,2026-04-10,15:34:02,-07:00,2026-04-10T15:34:02-07:00,4,53
contact\index.html,18,html,a23dc613,Ricki (Rui) Chen,2026-04-10,14:34:12,-07:00,2026-04-10T14:34:12-07:00,0,0
contact\index.html,19,html,3877eae8,Ricki (Rui) Chen,2026-04-10,17:57:51,-07:00,2026-04-10T17:57:51-07:00,4,35
contact\index.html,20,html,0154d328,Ricki (Rui) Chen,2026-04-17,15:10:47,-07:00,2026-04-17T15:10:47-07:00,4,63
contact\index.html,21,html,a23dc613,Ricki (Rui) Chen,2026-04-10,14:34:12,-07:00,2026-04-10T14:34:12-07:00,0,0
contact\index.html,22,html,a23dc613,Ricki (Rui) Chen,2026-04-10,14:34:12,-07:00,2026-04-10T14:34:12-07:00,4,33
contact\index.html,23,html,45ded0bf,Ricki (Rui) Chen,2026-04-10,13:04:45,-07:00,2026-04-10T13:04:45-07:00,2,5
contact\index.html,24,html,8ee1c6e6,Ricki (Rui) Chen,2026-04-03,18:24:55,-07:00,2026-04-03T18:24:55-07:00,0,0
contact\index.html,25,html,6a6df83f,Ricki (Rui) Chen,2026-04-03,17:00:33,-07:00,2026-04-03T17:00:33-07:00,0,5
contact\index.html,26,html,6a6df83f,Ricki (Rui) Chen,2026-04-03,17:00:33,-07:00,2026-04-03T17:00:33-07:00,0,5
